city,city_code,province,tier_group,tier_label,ntl_growth_rate,gdp_growth_rate,population_growth_rate,growth_intensity,growth_efficiency,coordination_index,edu_count,medical_count,commercial_count,support_index
七台河市,"231000000000",黑龙江省,T3,Third-tier Cities,0.1256,-0.1024,-0.1991,-0.0586333333333333,0.514314414866901,0.7307,"0","1","12","1.08603217934049"
三亚市,"460000000000",海南省,T3,Third-tier Cities,0.6929,1.6682,0.274,0.878366666666667,6.08832116788321,0.3876,"13","43","720","4.33462870027282"
三明市,"350000000000",福建省,T3,Third-tier Cities,1.09,1.1822,0.043,0.771733333333333,27.493023255814,0.4069,"1","0","6","0.87968577653842"
三沙市,"460000000000",海南省,T3,Third-tier Cities,,,-1,,,,"1","0","6","0.87968577653842"
三门峡市,"411000000000",河南省,T3,Third-tier Cities,1.524,0.7645,-0.0049,0.7612,,0.3949,"1","0","6","0.87968577653842"
上海市,"310000000000",上海市,T1,Super-tier Cities,0.3836,1.2808,0.054,0.5728,23.7185185185185,0.4139,"123","256","6580","6.38709987965213"
上饶市,"361000000000",江西省,T3,Third-tier Cities,3.5289,1.5753,0.0391,1.71443333333333,40.2890025575448,0.216,"11","16","80","3.23752304950555"
东莞市,"442000000000",广东省,T2,Second-tier Cities,0.8766,1.1918,0.5615,0.876633333333333,2.12252894033838,0.6134,"6","4","160","2.87891747549129"
东营市,"371000000000",山东省,T3,Third-tier Cities,0.646,0.751,0.0674,0.488133333333333,11.1424332344214,0.543,"2","2","21","1.76275567689818"
中卫市,"641000000000",宁夏回族自治区,T3,Third-tier Cities,1.8087,1.1357,0.0167,0.987033333333333,,0.3401,"5","0","14","1.49993655677676"
中山市,"442000000000",广东省,T3,Third-tier Cities,0.7823,0.5748,0.3684,0.575166666666667,1.56026058631922,0.7071,"39","17","178","3.92221233928362"
临夏回族自治州,"623000000000",甘肃省,T3,Third-tier Cities,1.0664,,,,,,"9","3","36","2.43326578891939"
临汾市,"141000000000",山西省,T3,Third-tier Cities,2.1568,1.02,0.0066,1.06113333333333,,0.3133,"1","1","10","1.26139654463942"
临沂市,"371000000000",山东省,T3,Third-tier Cities,1.9558,1.0118,0.1035,1.0237,9.77584541062802,0.3491,"17","21","141","3.64574708961858"
临沧市,"531000000000",云南省,T3,Third-tier Cities,1.4688,1.9358,0.0237,1.14276666666667,81.6793248945148,0.3088,"0","1","13","1.11073483672507"
丹东市,"211000000000",辽宁省,T3,Third-tier Cities,1.0252,0.4193,-0.0561,0.4628,-7.47415329768271,0.4706,"1","1","14","1.3647815207407"
丽水市,"331000000000",浙江省,T3,Third-tier Cities,1.5893,1.1714,0.0244,0.928366666666667,48.0081967213115,0.3561,"1","5","84","2.30918596875944"
丽江市,"531000000000",云南省,T3,Third-tier Cities,0.5111,1.9217,0.042,0.824933333333333,45.7547619047619,0.3131,"4","5","360","3.09669177999834"
乌兰察布市,"151000000000",内蒙古自治区,T3,Third-tier Cities,1.034,0.3624,-0.0906,0.435266666666667,-4,0.4551,"1","0","6","0.87968577653842"
乌海市,"150000000000",内蒙古自治区,T3,Third-tier Cities,0.1183,1.3518,-0.1971,0.424333333333333,-6.85844748858447,0.3503,"4","2","7","1.59583058092735"
乌鲁木齐市,"650000000000",新疆维吾尔自治区,T2,Second-tier Cities,0.0417,1.1539,-0.0729,0.374233333333333,-15.8285322359396,0.3907,"12","69","359","4.23318287698702"
乐山市,"511000000000",四川省,T3,Third-tier Cities,5.365,1.3339,-0.0256,2.22443333333333,-52.10546875,0.1373,"1","1","82","1.93504498963883"
九江市,"360000000000",江西省,T3,Third-tier Cities,6.0134,1.5025,0.0263,2.51406666666667,57.1292775665399,0.125,"21","18","240","3.8400927886718"
云浮市,"445000000000",广东省,T3,Third-tier Cities,1.9707,1.2383,0.0488,1.08593333333333,25.375,0.3253,"6","3","14","2.01341823709247"
亳州市,"342000000000",安徽省,T3,Third-tier Cities,3.4893,1.7308,0.0953,1.7718,18.1615949632739,0.2255,"0","0","1","0.231049060186648"
伊春市,"231000000000",黑龙江省,T3,Third-tier Cities,-0.3969,0.422,-0.1454,-0.0401,-2.90233837689133,0.5197,"2","0","0","0.366204096222703"
伊犁哈萨克自治州,"654000000000",新疆维吾尔自治区,T3,Third-tier Cities,1.4055,,,,,,"0","2","22","1.41136883486575"
佛山市,"441000000000",广东省,T2,Second-tier Cities,1.0525,0.9111,0.3106,0.758066666666667,2.93335479716677,0.5277,"70","90","1648","5.39382123537259"
佳木斯市,"231000000000",黑龙江省,T3,Third-tier Cities,0.2402,0.3201,-0.0556,0.168233333333333,-5.75719424460432,0.6908,"0","0","3","0.462098120373297"
保定市,"131000000000",河北省,T3,Third-tier Cities,1.125,0.6936,0.0332,0.617266666666667,20.8915662650602,0.4612,"18","34","338","4.1085957160121"
保山市,"531000000000",云南省,T3,Third-tier Cities,2.9976,2.023,0.0368,1.6858,54.9728260869565,0.2327,"6","39","196","3.63933111063575"
信阳市,"412000000000",河南省,T3,Third-tier Cities,2.2568,1.2952,0.0594,1.2038,21.8047138047138,0.3041,"0","1","24","1.30400766847605"
儋州市,"460000000000",海南省,T3,Third-tier Cities,1.8596,3.9417,,,,,"3","0","0","0.462098120373297"
克孜勒苏柯尔克孜自治州,"653000000000",新疆维吾尔自治区,T3,Third-tier Cities,5.4953,,,,,,"1","0","0","0.231049060186648"
克拉玛依市,"650000000000",新疆维吾尔自治区,T3,Third-tier Cities,-0.1517,0.4655,-0.1489,0.0549666666666667,-3.12625923438549,0.5491,"1","0","7","0.924196240746594"
六安市,"342000000000",安徽省,T3,Third-tier Cities,5.138,1.4052,-0.1806,2.12086666666667,-7.78073089700997,0.1422,"3","0","7","1.15524530093324"
六盘水市,"520000000000",贵州省,T3,Third-tier Cities,3.9959,1.1688,0.1194,1.76136666666667,9.78894472361809,0.1828,"1","0","2","0.597253156409352"
兰州市,"620000000000",甘肃省,T2,Second-tier Cities,-0.1172,1.0619,0.0482,0.330966666666667,22.0311203319502,0.4062,"70","128","1209","5.40695597333126"
兴安盟,"152000000000",内蒙古自治区,T3,Third-tier Cities,1.0674,,,,,,"1","0","4","0.767528364331349"
内江市,"511000000000",四川省,T3,Third-tier Cities,6.381,0.8875,-0.0647,2.40126666666667,-13.7171561051005,0.1116,"1","0","7","0.924196240746594"
凉山彝族自治州,"513000000000",四川省,T3,Third-tier Cities,0.9028,,,,,,"4","1","50","2.07813690857279"
包头市,"150000000000",内蒙古自治区,T3,Third-tier Cities,0.0578,1.3012,0.0022,0.453733333333333,,0.3711,"17","13","38","3.06433024454702"
北京市,"110000000000",北京市,T1,Super-tier Cities,0.3679,1.3665,0.1006,0.611666666666667,13.5834990059642,0.3985,"20","31","699","4.35377955852218"
北海市,"451000000000",广西壮族自治区,T3,Third-tier Cities,1.1618,1.7233,0.0886,0.991233333333333,19.4503386004515,0.3565,"5","7","58","2.64957948493787"
十堰市,"420000000000",湖北省,T3,Third-tier Cities,2.4393,1.4138,-0.0202,1.27763333333333,-69.990099009901,0.2781,"8","0","10","1.53170661671153"
南京市,"320000000000",江苏省,T2,Second-tier Cities,1.3237,1.2961,0.1574,0.925733333333333,8.23443456162643,0.3942,"113","79","1247","5.41584087733258"
南充市,"511000000000",四川省,T3,Third-tier Cities,5.5537,1.4222,-0.0666,2.3031,-21.3543543543543,0.1333,"3","3","11","1.75249845734259"
南宁市,"450000000000",广西壮族自治区,T2,Second-tier Cities,0.9948,1.3831,0.1352,0.8377,10.2300295857988,0.4158,"32","69","387","4.56866938104637"
南平市,"351000000000",福建省,T3,Third-tier Cities,2.2706,1.1564,0.0003,1.14243333333333,,0.3045,"0","0","2","0.366204096222703"
南昌市,"360000000000",江西省,T2,Second-tier Cities,2.2196,1.4339,0.0711,1.24153333333333,20.1673699015471,0.2993,"105","113","381","5.11501938370438"
南通市,"321000000000",江苏省,T3,Third-tier Cities,1.0077,1.4424,-0.0238,0.808766666666667,-60.6050420168067,0.3752,"6","9","122","3.02022653247393"
南阳市,"411000000000",河南省,T3,Third-tier Cities,2.5362,1.04,0.0196,1.1986,,0.2721,"6","4","43","2.44651256513589"
博尔塔拉蒙古自治州,"653000000000",新疆维吾尔自治区,T3,Third-tier Cities,1.2705,,,,,,"0","0","8","0.732408192445407"
厦门市,"350000000000",福建省,T2,Second-tier Cities,0.4268,1.655,0.5348,0.8722,3.09461480927449,0.3898,"30","33","847","4.56774278829774"
双鸭山市,"231000000000",黑龙江省,T3,Third-tier Cities,-0.314,-0.0199,-0.0957,-0.1432,0.207941483803553,0.7454,"1","0","2","0.597253156409352"
台州市,"331000000000",浙江省,T3,Third-tier Cities,1.5146,1.0448,0.0237,0.861033333333333,44.084388185654,0.3739,"7","4","52","2.55305712255535"
合肥市,"340000000000",安徽省,T2,Second-tier Cities,2.2642,1.9054,0.126,1.43186666666667,15.1222222222222,0.2769,"78","18","320","4.36177598492116"
吉安市,"361000000000",江西省,T3,Third-tier Cities,4.2042,1.7332,0.0663,2.00123333333333,26.1417797888386,0.185,"15","4","52","2.784106182742"
吉林市,"220000000000",吉林省,T3,Third-tier Cities,0.0961,-0.3698,-0.0715,-0.115066666666667,5.17202797202797,0.6625,"1","0","11","1.05935127678265"
吐鲁番市,"650000000000",新疆维吾尔自治区,T3,Third-tier Cities,1.7571,1.1634,,,,,"2","0","41","1.61209396898383"
吕梁市,"141000000000",山西省,T3,Third-tier Cities,0.1109,1.0271,-0.0043,0.3779,,0.4351,"0","0","1","0.231049060186648"
吴忠市,"640000000000",宁夏回族自治区,T3,Third-tier Cities,-0.1245,1.7792,0.0169,0.5572,,0.2904,"8","2","11","1.92691450526411"
周口市,"412000000000",河南省,T3,Third-tier Cities,5.1258,1.2528,0.0226,2.13373333333333,55.4336283185841,0.1432,"13","1","15","2.03493107747166"
呼伦贝尔市,"151000000000",内蒙古自治区,T3,Third-tier Cities,-0.6153,0.991,-0.0691,0.1022,-14.3415340086831,0.36,"1","2","15","1.52144939715595"
呼和浩特市,"150000000000",内蒙古自治区,T3,Third-tier Cities,0.2175,1.232,0.1203,0.523266666666667,10.24106400665,0.4137,"11","2","57","2.54798731633418"
和田地区,"653000000000",新疆维吾尔自治区,T3,Third-tier Cities,1.138,,,,,,"5","1","25","1.91433439593649"
咸宁市,"421000000000",湖北省,T3,Third-tier Cities,4.9755,1.2775,0.0205,2.09116666666667,62.3170731707317,0.1477,"0","0","2","0.366204096222703"
咸阳市,"610000000000",陕西省,T3,Third-tier Cities,2.7596,0.9548,-0.1419,1.19083333333333,-6.72868217054264,0.2417,"6","5","382","3.228568202488"
哈密市,"651000000000",新疆维吾尔自治区,T3,Third-tier Cities,0.4024,2.3611,,,,,"1","1","14","1.3647815207407"
哈尔滨市,"230000000000",黑龙江省,T3,Third-tier Cities,-0.0112,0.7056,-0.0539,0.2135,-13.0909090909091,0.504,"16","17","401","3.9066790635238"
唐山市,"130000000000",河北省,T3,Third-tier Cities,0.7053,0.8911,0.0124,0.536266666666667,,0.4883,"4","12","142","3.04574396671851"
商丘市,"411000000000",河南省,T3,Third-tier Cities,2.7274,1.0316,0.0855,1.2815,12.0654970760234,0.257,"0","0","2","0.366204096222703"
商洛市,"611000000000",陕西省,T3,Third-tier Cities,2.6936,1.054,-0.0032,1.24813333333333,,0.257,"0","0","0","0"
喀什地区,"653000000000",新疆维吾尔自治区,T3,Third-tier Cities,0.8925,,,,,,"1","6","94","2.39764474040527"
嘉兴市,"330000000000",浙江省,T3,Third-tier Cities,3.6527,1.3197,0.0885,1.68696666666667,14.9118644067797,0.2028,"8","10","253","3.37748470571771"
嘉峪关市,"620000000000",甘肃省,T3,Third-tier Cities,-0.074,0.3471,0.0606,0.111233333333333,5.72772277227723,0.6795,"3","5","24","2.13230988507205"
四平市,"220000000000",吉林省,T3,Third-tier Cities,0.2215,-0.0826,-0.3785,-0.0798666666666667,0.218229854689564,0.6239,"0","0","10","0.799298424266124"
固原市,"640000000000",宁夏回族自治区,T3,Third-tier Cities,0.8952,1.5855,-0.0532,0.809166666666667,-29.8026315789474,0.367,"2","4","61","2.2783948620491"
塔城地区,"654000000000",新疆维吾尔自治区,T3,Third-tier Cities,4.685,,,,,,"0","0","2","0.366204096222703"
大兴安岭地区,"233000000000",黑龙江省,T3,Third-tier Cities,-0.1932,,,,,,"0","0","0","0"
大同市,"140000000000",山西省,T3,Third-tier Cities,0.2512,1.0484,-0.0106,0.429666666666667,,0.4469,"0","11","97","2.35662470948619"
大庆市,"231000000000",黑龙江省,T3,Third-tier Cities,-0.351,-0.2606,-0.0661,-0.2259,3.94251134644478,0.7578,"16","2","29","2.44434100479549"
大理白族自治州,"533000000000",云南省,T3,Third-tier Cities,0.4009,,,,,,"34","38","532","4.49914371059497"
大连市,"210000000000",辽宁省,T2,Second-tier Cities,0.2465,0.8646,0.0317,0.380933333333333,27.2744479495268,0.5083,"29","24","454","4.24679020849377"
天水市,"621000000000",甘肃省,T3,Third-tier Cities,2.1925,1.1033,-0.0125,1.09443333333333,,0.3112,"31","12","117","3.60045662824231"
天津市,"120000000000",天津市,T3,Third-tier Cities,0.5296,0.7839,0.1689,0.494133333333333,4.64120781527531,0.6059,"89","46","634","4.93452742364434"
太原市,"140000000000",山西省,T2,Second-tier Cities,0.6428,1.3941,0.0935,0.710133333333333,14.9101604278075,0.4223,"62","17","173","4.06418726116741"
威海市,"371000000000",山东省,T3,Third-tier Cities,0.1275,0.8006,0.0055,0.3112,,0.5054,"24","5","87","3.16265736952482"
娄底市,"431000000000",湖南省,T3,Third-tier Cities,5.0394,0.9534,0.021,2.0046,45.4,0.1415,"1","1","1","0.693147180559945"
孝感市,"421000000000",湖北省,T3,Third-tier Cities,3.7689,1.482,-0.0511,1.73326666666667,-29.0019569471624,0.1972,"5","3","7","1.75249845734259"
宁德市,"351000000000",福建省,T3,Third-tier Cities,1.9767,2.3611,0.0371,1.4583,63.6415094339623,0.2603,"24","24","114","3.72756125936655"
宁波市,"330000000000",浙江省,T2,Second-tier Cities,0.5379,1.2903,0.075,0.6344,17.204,0.4326,"28","15","488","4.11074901390038"
安庆市,"341000000000",安徽省,T3,Third-tier Cities,4.8786,1.1163,-0.157,1.94596666666667,-7.11019108280255,0.1457,"4","5","16","2.07813690857279"
安康市,"611000000000",陕西省,T3,Third-tier Cities,6.1222,1.4855,-0.0131,2.53153333333333,,0.1222,"4","8","29","2.40261995714416"
安阳市,"411000000000",河南省,T3,Third-tier Cities,1.0931,0.7691,0.0641,0.6421,11.9984399375975,0.4638,"1","0","6","0.87968577653842"
安顺市,"520000000000",贵州省,T3,Third-tier Cities,9.3573,1.9205,0.0724,3.7834,26.5262430939227,0.0823,"2","1","44","1.86614065299946"
定西市,"621000000000",甘肃省,T3,Third-tier Cities,1.9349,1.5522,0.0192,1.16876666666667,,0.3031,"7","18","22","2.71979157892514"
宜宾市,"512000000000",四川省,T3,Third-tier Cities,27.6142,2.1329,0.0026,9.91656666666667,,0.0275,"10","10","65","2.99514842920772"
宜昌市,"421000000000",湖北省,T3,Third-tier Cities,3.5684,1.1548,-0.0301,1.56436666666667,-38.3654485049834,0.1997,"3","10","69","2.67756162532254"
宜春市,"361000000000",江西省,T3,Third-tier Cities,6.1299,1.4664,0.0469,2.54773333333333,31.2665245202559,0.1225,"0","0","3","0.462098120373297"
宝鸡市,"610000000000",陕西省,T3,Third-tier Cities,1.5637,1.1183,-0.0284,0.884533333333334,-39.3767605633803,0.3539,"9","7","64","2.85213796818984"
宣城市,"342000000000",安徽省,T3,Third-tier Cities,3.0428,1.35,-0.0129,1.45996666666667,,0.2401,"2","1","20","1.61209396898383"
宿州市,"341000000000",安徽省,T3,Third-tier Cities,3.1327,1.3746,0.0112,1.50616666666667,,0.2351,"5","4","38","2.3549196759306"
宿迁市,"321000000000",江苏省,T3,Third-tier Cities,2.8596,1.6868,0.0494,1.53193333333333,34.1457489878543,0.2522,"65","176","748","5.32818115270582"
山南市,"541000000000",西藏自治区,T3,Third-tier Cities,6.4361,2.3253,,,,,"0","1","5","0.828302216596"
岳阳市,"431000000000",湖南省,T3,Third-tier Cities,3.8232,1.5247,-0.0262,1.7739,-58.1946564885496,0.1961,"3","2","24","1.9012608248854"
崇左市,"451000000000",广西壮族自治区,T3,Third-tier Cities,6.6375,1.7967,0.0228,2.819,78.8026315789474,0.1158,"0","0","0","0"
巴中市,"512000000000",四川省,T3,Third-tier Cities,4.315,0.9774,-0.0795,1.73763333333333,-12.2943396226415,0.1625,"4","4","13","1.95264438482782"
巴彦淖尔市,"151000000000",内蒙古自治区,T3,Third-tier Cities,-0.0371,1.097,-0.0841,0.325266666666667,-13.0439952437574,0.3932,"0","0","3","0.462098120373297"
巴音郭楞蒙古自治州,"653000000000",新疆维吾尔自治区,T3,Third-tier Cities,0.4049,,,,,,"0","1","10","1.03034748445277"
常州市,"320000000000",江苏省,T3,Third-tier Cities,0.7594,1.3645,0.0663,0.730066666666667,20.5806938159879,0.4296,"3","9","300","3.13199657295427"
常德市,"431000000000",湖南省,T3,Third-tier Cities,8.2829,1.0969,-0.0668,3.10433333333333,-16.4206586826347,0.0881,"3","2","7","1.52144939715595"
平凉市,"621000000000",甘肃省,T3,Third-tier Cities,2.3992,0.9771,-0.0128,1.12116666666667,,0.2812,"3","0","11","1.2904003369693"
平顶山市,"410000000000",河南省,T3,Third-tier Cities,1.2464,0.9614,0.0447,0.750833333333333,21.5078299776286,0.4145,"8","3","231","3.01008543670747"
广元市,"511000000000",四川省,T3,Third-tier Cities,5.9771,1.5294,-0.06,2.48216666666667,-25.49,0.1252,"13","3","17","2.30524114954377"
广安市,"512000000000",四川省,T3,Third-tier Cities,5.6928,0.9787,-0.0416,2.20996666666667,-23.5264423076923,0.1255,"3","1","4","1.22962648470465"
广州市,"440000000000",广东省,T1,Super-tier Cities,0.5665,1.1852,0.2587,0.670133333333333,4.58136838036336,0.4926,"118","130","2355","5.80634712036139"
庆阳市,"621000000000",甘肃省,T3,Third-tier Cities,3.2533,1.115,0.0255,1.4646,43.7254901960784,0.2185,"20","3","26","2.57555122161588"
廊坊市,"131000000000",河北省,T3,Third-tier Cities,1.3131,1.1445,0.145,0.867533333333333,7.89310344827586,0.409,"3","1","15","1.61734342130654"
延安市,"611000000000",陕西省,T3,Third-tier Cities,1.2693,0.8571,-0.0102,0.7054,,0.4113,"2","0","2","0.732408192445407"
延边朝鲜族自治州,"222000000000",吉林省,T3,Third-tier Cities,0.9891,,,,,,"8","7","177","3.15281655643605"
开封市,"410000000000",河南省,T3,Third-tier Cities,3.0593,1.1815,0.0342,1.425,34.546783625731,0.2343,"1","1","17","1.42555537300535"
张家口市,"131000000000",河北省,T3,Third-tier Cities,0.3953,0.7667,-0.0243,0.379233333333333,-31.5514403292181,0.5534,"2","6","24","2.08779942086387"
张家界市,"431000000000",湖南省,T3,Third-tier Cities,13.1313,0.7475,-0.0182,4.6202,,0.0555,"1","2","68","2.0086219912751"
张掖市,"621000000000",甘肃省,T3,Third-tier Cities,2.0739,1.3304,-0.0061,1.13273333333333,,0.3051,"1","0","36","1.43468836440139"
徐州市,"320000000000",江苏省,T3,Third-tier Cities,1.3781,1.0878,0.0419,0.835933333333334,25.9618138424821,0.3864,"9","10","87","3.05927239342354"
德宏傣族景颇族自治州,"533000000000",云南省,T3,Third-tier Cities,1.7566,,,,,,"2","0","30","1.51086649771775"
德州市,"371000000000",山东省,T3,Third-tier Cities,2.1223,0.8398,0.0251,0.995733333333333,33.4581673306773,0.3074,"0","0","1","0.231049060186648"
德阳市,"511000000000",四川省,T3,Third-tier Cities,3.5476,1.2817,-0.0345,1.59826666666667,-37.1507246376812,0.2041,"10","3","30","2.40605894613447"
忻州市,"141000000000",山西省,T3,Third-tier Cities,0.7294,1.4785,-0.0194,0.7295,,0.4003,"0","0","2","0.366204096222703"
怀化市,"431000000000",湖南省,T3,Third-tier Cities,4.5427,0.8901,0.001,1.81126666666667,,0.1547,"3","1","18","1.67462684028209"
怒江傈僳族自治州,"533000000000",云南省,T3,Third-tier Cities,2.6543,,,,,,"0","0","4","0.5364793041447"
恩施土家族苗族自治州,"423000000000",湖北省,T3,Third-tier Cities,7.1418,,,,,,"2","1","25","1.68328533574985"
惠州市,"441000000000",广东省,T3,Third-tier Cities,2.0107,1.2956,0.2167,1.17433333333333,5.97877249653899,0.343,"8","62","395","4.10725783832741"
成都市,"510000000000",四川省,T2,Second-tier Cities,1.3821,1.4119,0.3398,1.0446,4.15509123013537,0.415,"76","129","1320","5.46582805894386"
扬州市,"321000000000",江苏省,T3,Third-tier Cities,2.2411,1.3712,-0.0227,1.19653333333333,-60.4052863436123,0.2908,"21","8","105","3.31723537493553"
承德市,"131000000000",河北省,T3,Third-tier Cities,0.4977,0.7168,0.0056,0.4067,,0.5549,"0","1","30","1.3757114616817"
抚州市,"361000000000",江西省,T3,Third-tier Cities,3.0812,1.5156,0.0316,1.5428,47.9620253164557,0.2453,"13","3","12","2.19676701606556"
抚顺市,"210000000000",辽宁省,T3,Third-tier Cities,-0.1391,0.2304,-0.0926,-0.000433333333333337,-2.48812095032397,0.6842,"0","0","7","0.693147180559945"
拉萨市,"540000000000",西藏自治区,T3,Third-tier Cities,0.4638,1.7709,0.1508,0.795166666666667,11.7433687002653,0.3388,"8","4","99","2.8039442252528"
揭阳市,"445000000000",广东省,T3,Third-tier Cities,2.072,0.7431,0.058,0.9577,12.8120689655172,0.3097,"1","3","15","1.61734342130654"
攀枝花市,"510000000000",四川省,T3,Third-tier Cities,0.1242,0.9454,-0.0438,0.341933333333333,-21.5844748858447,0.4531,"1","1","36","1.66573742458804"
文山壮族苗族自治州,"533000000000",云南省,T3,Third-tier Cities,1.1593,,,,,,"0","1","8","0.963457252632055"
新乡市,"411000000000",河南省,T3,Third-tier Cities,1.5923,1.095,0.0843,0.923866666666667,12.9893238434164,0.3733,"3","13","37","2.55431261682051"
新余市,"361000000000",江西省,T3,Third-tier Cities,2.4565,0.9968,0.029,1.16076666666667,34.3724137931034,0.2784,"3","1","3","1.15524530093324"
无锡市,"320000000000",江苏省,T2,Second-tier Cities,1.2953,0.9809,0.104,0.7934,9.43173076923077,0.4204,"30","81","1496","5.05064161205634"
日喀则市,"540000000000",西藏自治区,T3,Third-tier Cities,6.7968,2.2528,,,,,"8","2","34","2.28372830916458"
日照市,"371000000000",山东省,T3,Third-tier Cities,0.7456,0.9644,0.0691,0.593033333333333,13.9565846599132,0.4883,"14","0","15","1.826879641114"
昆明市,"530000000000",云南省,T2,Second-tier Cities,0.4417,1.4713,0.0929,0.668633333333333,15.8374596340151,0.3838,"33","74","641","4.76947898061414"
昌吉回族自治州,"652000000000",新疆维吾尔自治区,T3,Third-tier Cities,0.2385,,,,,,"2","1","5","1.1945063128187"
昌都市,"540000000000",西藏自治区,T3,Third-tier Cities,2.4887,2.3235,,,,,"1","4","37","1.98005708424014"
昭通市,"531000000000",云南省,T3,Third-tier Cities,1.727,1.5913,0.0869,1.13506666666667,18.3118527042578,0.323,"1","0","7","0.924196240746594"
晋中市,"141000000000",山西省,T3,Third-tier Cities,1.6776,1.5919,0.0338,1.1011,47.0976331360947,0.319,"13","4","19","2.41474250520112"
晋城市,"141000000000",山西省,T3,Third-tier Cities,1.8759,1.4411,0.0174,1.11146666666667,,0.3137,"0","0","1","0.231049060186648"
普洱市,"531000000000",云南省,T3,Third-tier Cities,0.6951,2.0589,0.0091,0.921033333333333,,0.3053,"0","0","33","1.17545350820539"
景德镇市,"360000000000",江西省,T3,Third-tier Cities,6.8498,0.7656,0.0318,2.54906666666667,24.0754716981132,0.1042,"7","6","47","2.63218423388101"
曲靖市,"530000000000",云南省,T3,Third-tier Cities,0.719,1.7155,0.0574,0.830633333333333,29.8867595818815,0.361,"3","4","6","1.64721414086977"
朔州市,"141000000000",山西省,T3,Third-tier Cities,0.1466,0.5253,-0.0663,0.201866666666667,-7.92307692307692,0.6072,"0","0","1","0.231049060186648"
朝阳市,"211000000000",辽宁省,T3,Third-tier Cities,-0.1358,0.0808,-0.0429,-0.0326333333333333,-1.88344988344988,0.8151,"1","0","2","0.597253156409352"
本溪市,"211000000000",辽宁省,T3,Third-tier Cities,0.5074,0.527,-0.0862,0.316066666666667,-6.11368909512761,0.5542,"0","0","0","0"
来宾市,"451000000000",广西壮族自治区,T3,Third-tier Cities,0.7822,0.9973,0.0296,0.603033333333333,33.6925675675676,0.4658,"0","0","9","0.767528364331349"
杭州市,"330000000000",浙江省,T3,Third-tier Cities,0.9185,1.3788,0.2091,0.835466666666667,6.59397417503587,0.4439,"50","48","1339","5.00802360792664"
松原市,"221000000000",吉林省,T3,Third-tier Cities,0.4539,-0.4564,-0.0649,-0.0224666666666666,7.03235747303544,0.5121,"0","0","2","0.366204096222703"
林芝市,"540000000000",西藏自治区,T3,Third-tier Cities,5.4124,1.8773,,,,,"0","0","13","0.87968577653842"
果洛藏族自治州,"633000000000",青海省,T3,Third-tier Cities,2.7808,,,,,,"0","0","6","0.648636716351771"
枣庄市,"370000000000",山东省,T3,Third-tier Cities,2.178,0.8652,0.0689,1.03736666666667,12.5573294629898,0.3048,"2","3","27","1.93903705332107"
柳州市,"450000000000",广西壮族自治区,T3,Third-tier Cities,2.1169,0.7554,0.069,0.980433333333333,10.9478260869565,0.3055,"7","3","24","2.22820390922264"
株洲市,"430000000000",湖南省,T3,Third-tier Cities,3.5769,0.9779,-0.0045,1.51676666666667,,0.1953,"39","84","529","4.80146923905014"
桂林市,"450000000000",广西壮族自治区,T3,Third-tier Cities,2.4904,1.1381,0.0362,1.22156666666667,31.439226519337,0.2827,"19","5","257","3.44681710923455"
梅州市,"441000000000",广东省,T3,Third-tier Cities,2.3249,0.7974,0.0338,1.05203333333333,23.5917159763314,0.282,"17","150","505","4.71139608799952"
梧州市,"450000000000",广西壮族自治区,T3,Third-tier Cities,3.9804,1.546,0.0774,1.86793333333333,19.9741602067183,0.1914,"6","0","14","1.55132011671917"
楚雄彝族自治州,"532000000000",云南省,T3,Third-tier Cities,0.8578,,,,,,"2","0","11","1.1945063128187"
榆林市,"611000000000",陕西省,T3,Third-tier Cities,1.1844,1.5149,0.0304,0.9099,49.8322368421053,0.3625,"3","13","85","2.82656632899622"
武威市,"621000000000",甘肃省,T3,Third-tier Cities,1.4105,1.2564,-0.0211,0.881933333333333,-59.5450236966825,0.3564,"0","2","6","1.01484081257447"
武汉市,"420000000000",湖北省,T2,Second-tier Cities,1.8562,1.454,0.1488,1.153,9.77150537634409,0.3324,"137","42","846","5.14338483183427"
毕节市,"521000000000",贵州省,T3,Third-tier Cities,9.7085,1.6137,0.1072,3.8098,15.053171641791,0.0781,"3","0","2","0.828302216596"
永州市,"431000000000",湖南省,T3,Third-tier Cities,7.6501,1.2828,0.014,2.9823,,0.0968,"0","0","1","0.231049060186648"
汉中市,"611000000000",陕西省,T3,Third-tier Cities,2.6982,1.5987,-0.0138,1.4277,,0.2575,"6","7","8","2.07419208935712"
汕头市,"441000000000",广东省,T3,Third-tier Cities,1.865,1.1326,0.0865,1.02803333333333,13.0936416184971,0.3469,"10","13","81","3.14789061655929"
汕尾市,"442000000000",广东省,T3,Third-tier Cities,8.7951,1.1682,0.0253,3.32953333333333,46.1739130434783,0.0838,"0","0","8","0.732408192445407"
江门市,"441000000000",广东省,T3,Third-tier Cities,2.2244,0.9939,0.0286,1.0823,34.7517482517483,0.3045,"70","34","374","4.58165132150038"
池州市,"342000000000",安徽省,T3,Third-tier Cities,1.9972,1.4525,-0.0117,1.146,,0.3016,"3","0","2","0.828302216596"
沈阳市,"210000000000",辽宁省,T2,Second-tier Cities,0.4624,0.7509,0.0555,0.422933333333333,13.5297297297297,0.5764,"29","22","262","4.03628187658969"
沧州市,"131000000000",河北省,T3,Third-tier Cities,1.13,0.8239,0.0492,0.6677,16.7459349593496,0.447,"0","1","0","0.231049060186648"
河池市,"451000000000",广西壮族自治区,T3,Third-tier Cities,10.7912,1.6251,0.052,4.1561,31.2519230769231,0.0701,"0","0","0","0"
河源市,"442000000000",广东省,T3,Third-tier Cities,2.9137,1.2021,0.0448,1.38686666666667,26.8325892857143,0.2467,"3","0","5","1.05935127678265"
泉州市,"351000000000",福建省,T3,Third-tier Cities,0.9015,1.5141,0.1166,0.844066666666667,12.9854202401372,0.4073,"33","48","170","4.18661479307648"
泰安市,"371000000000",山东省,T3,Third-tier Cities,2.4836,1.0067,0.0109,1.16706666666667,,0.2752,"0","8","132","2.36252456851932"
泰州市,"321000000000",江苏省,T3,Third-tier Cities,2.0442,1.4704,-0.0363,1.15943333333333,-40.5068870523416,0.2949,"1","0","12","1.08603217934049"
泸州市,"511000000000",四川省,T3,Third-tier Cities,18.4563,1.5994,-0.0024,6.68443333333333,,0.0407,"0","1","5","0.828302216596"
洛阳市,"410000000000",河南省,T3,Third-tier Cities,1.0928,0.9574,0.0624,0.7042,15.3429487179487,0.4379,"91","21","343","4.48449089592692"
济南市,"370000000000",山东省,T2,Second-tier Cities,0.4817,1.2561,0.346,0.6946,3.63034682080925,0.471,"19","29","627","4.27982327389478"
济宁市,"371000000000",山东省,T3,Third-tier Cities,1.7758,0.9019,0.0483,0.908666666666667,18.6728778467909,0.3657,"1","2","11","1.42555537300535"
海东市,"630000000000",青海省,T3,Third-tier Cities,21.8114,1.053,,,,,"4","0","0","0.5364793041447"
海北藏族自治州,"632000000000",青海省,T3,Third-tier Cities,1.0914,,,,,,"0","0","2","0.366204096222703"
海南藏族自治州,"633000000000",青海省,T3,Third-tier Cities,0.8343,0.9192,,,,,"0","0","3","0.462098120373297"
海口市,"460000000000",海南省,T2,Second-tier Cities,1.6929,1.5195,0.3676,1.19333333333333,4.1335690968444,0.3771,"11","3","88","2.78661246021334"
海西蒙古族藏族自治州,"633000000000",青海省,T3,Third-tier Cities,1.0556,,,,,,"0","0","2","0.366204096222703"
淄博市,"370000000000",山东省,T3,Third-tier Cities,1.1684,0.2377,0.0172,0.474433333333333,,0.4188,"6","7","75","2.78536167700716"
淮北市,"341000000000",安徽省,T3,Third-tier Cities,2.0167,1.0479,-0.0014,1.02106666666667,,0.3284,"6","0","6","1.29727343270354"
淮南市,"340000000000",安徽省,T3,Third-tier Cities,1.6376,0.7542,0.5915,0.994433333333333,1.27506339814032,0.4374,"0","4","18","1.51795896386685"
淮安市,"321000000000",江苏省,T3,Third-tier Cities,2.5493,1.4497,0.0077,1.33556666666667,,0.2735,"8","2","35","2.29311860148681"
深圳市,"440000000000",广东省,T1,Super-tier Cities,0.3956,1.4066,1.2879,1.03003333333333,1.09216554080286,0.4407,"128","197","2918","6.04235860197011"
清远市,"442000000000",广东省,T3,Third-tier Cities,0.9413,0.9999,0.1191,0.686766666666667,8.39546599496222,0.4683,"20","13","97","3.42284908200308"
温州市,"330000000000",浙江省,T3,Third-tier Cities,1.4154,1.1803,0.0397,0.878466666666667,29.7304785894207,0.3735,"23","28","695","4.36356644022295"
渭南市,"611000000000",陕西省,T3,Third-tier Cities,2.4536,0.9926,-0.0515,1.13156666666667,-19.273786407767,0.2744,"0","1","8","0.963457252632055"
湖州市,"331000000000",浙江省,T3,Third-tier Cities,3.0329,1.2022,0.0291,1.4214,41.3127147766323,0.2368,"2","3","13","1.70798799313442"
湘潭市,"430000000000",湖南省,T3,Third-tier Cities,4.8573,1.126,-0.0404,1.98096666666667,-27.8712871287129,0.1481,"58","139","798","5.23418027076043"
湘西土家族苗族自治州,"433000000000",湖南省,T3,Third-tier Cities,13.8141,,,,,,"0","0","13","0.87968577653842"
湛江市,"441000000000",广东省,T3,Third-tier Cities,2.4967,1.0105,0.1067,1.20463333333333,9.47047797563261,0.279,"19","14","88","3.39747294812945"
滁州市,"341000000000",安徽省,T3,Third-tier Cities,4.4401,1.9403,0.0042,2.1282,,0.1778,"1","0","7","0.924196240746594"
滨州市,"372000000000",山东省,T3,Third-tier Cities,1.3003,0.8723,0.037,0.736533333333333,23.5756756756757,0.4168,"0","0","0","0"
漯河市,"411000000000",河南省,T3,Third-tier Cities,3.1018,1.1498,-0.0327,1.4063,-35.1620795107034,0.2277,"3","3","39","2.15382272545124"
漳州市,"351000000000",福建省,T3,Third-tier Cities,3.1348,1.6821,0.0922,1.63636666666667,18.2440347071583,0.2446,"2","7","4","1.59583058092735"
潍坊市,"371000000000",山东省,T3,Third-tier Cities,1.7391,0.9925,0.0445,0.925366666666667,22.3033707865169,0.3621,"12","24","195","3.68731328052008"
潮州市,"445000000000",广东省,T3,Third-tier Cities,3.0727,0.884,0.0385,1.33173333333333,22.961038961039,0.2231,"5","1","37","2.0408309365048"
濮阳市,"411000000000",河南省,T3,Third-tier Cities,2.6588,1.2384,0.0301,1.3091,41.1428571428571,0.2703,"87","229","1168","5.65977336162449"
烟台市,"371000000000",山东省,T3,Third-tier Cities,0.3963,0.8983,-0.0082,0.4288,,0.5157,"3","4","93","2.513009018608"
焦作市,"411000000000",河南省,T3,Third-tier Cities,1.3214,0.4502,0.0101,0.5939,,0.4073,"2","0","3","0.828302216596"
牡丹江市,"231000000000",黑龙江省,T3,Third-tier Cities,0.254,0.5726,-0.0716,0.251666666666667,-7.99720670391061,0.6073,"6","8","90","2.88466474430279"
玉林市,"451000000000",广西壮族自治区,T3,Third-tier Cities,3.7636,1.3191,0.0753,1.71933333333333,17.5179282868526,0.1965,"2","3","20","1.84314302917047"
玉树藏族自治州,"633000000000",青海省,T3,Third-tier Cities,9.4824,,,,,,"0","1","29","1.3647815207407"
玉溪市,"530000000000",云南省,T3,Third-tier Cities,-0.0204,1.2983,0.0369,0.438266666666667,35.1842818428184,0.3676,"3","1","19","1.69172460507794"
珠海市,"440000000000",广东省,T3,Third-tier Cities,0.8845,1.5701,0.454,0.969533333333333,3.45837004405286,0.4543,"53","83","1219","5.1754689943783"
甘南藏族自治州,"623000000000",甘肃省,T3,Third-tier Cities,3.495,,,,,,"1","0","10","1.03034748445277"
甘孜藏族自治州,"513000000000",四川省,T3,Third-tier Cities,4.7097,,,,,,"0","4","43","1.79787584878412"
白城市,"221000000000",吉林省,T3,Third-tier Cities,1.3847,-0.066,-0.085,0.411233333333333,0.776470588235294,0.3393,"0","0","1","0.231049060186648"
白山市,"221000000000",吉林省,T3,Third-tier Cities,-0.0751,-0.1575,-0.1243,-0.118966666666667,1.26709573612228,0.9193,"0","0","13","0.87968577653842"
白银市,"620000000000",甘肃省,T3,Third-tier Cities,1.3994,0.4652,0.0245,0.6297,18.9877551020408,0.3938,"5","0","17","1.56071040904141"
百色市,"451000000000",广西壮族自治区,T3,Third-tier Cities,3.3054,1.7442,0.0352,1.69493333333333,49.5511363636364,0.2315,"1","1","26","1.56071040904141"
益阳市,"431000000000",湖南省,T3,Third-tier Cities,11.8386,1.1196,-0.0496,4.30286666666667,-22.5725806451613,0.0622,"0","2","7","1.05935127678265"
盐城市,"321000000000",江苏省,T3,Third-tier Cities,2.4122,1.2727,-0.0309,1.218,-41.1877022653722,0.2859,"2","1","39","1.826879641114"
盘锦市,"211000000000",辽宁省,T3,Third-tier Cities,0.1356,0.3199,0.0016,0.152366666666667,,0.749,"1","0","3","0.693147180559945"
眉山市,"511000000000",四川省,T3,Third-tier Cities,17.1961,1.2208,-0.0325,6.12813333333333,-37.5630769230769,0.0432,"0","0","17","0.963457252632055"
石嘴山市,"640000000000",宁夏回族自治区,T3,Third-tier Cities,-0.0229,0.6746,-0.0027,0.216333333333333,,0.5218,"3","5","9","1.826879641114"
石家庄市,"130000000000",河北省,T2,Second-tier Cities,0.7914,0.9664,0.0484,0.602066666666667,19.9669421487603,0.4745,"11","19","174","3.54847496575517"
福州市,"350000000000",福建省,T2,Second-tier Cities,1.1364,1.8763,0.1125,1.04173333333333,16.6782222222222,0.3498,"94","42","301","4.67516800822299"
秦皇岛市,"130000000000",河北省,T3,Third-tier Cities,0.0273,0.7547,0.0302,0.270733333333333,24.9900662251656,0.5081,"48","9","87","3.55724740186096"
红河哈尼族彝族自治州,"533000000000",云南省,T3,Third-tier Cities,1.6402,,,,,,"7","2","17","2.0228085294147"
绍兴市,"331000000000",浙江省,T3,Third-tier Cities,1.589,0.9962,0.0118,0.865666666666667,,0.3693,"21","57","365","4.35137293243537"
绥化市,"231000000000",黑龙江省,T3,Third-tier Cities,0.6824,0.1643,-0.088,0.2529,-1.86704545454545,0.5379,"11","33","146","3.66723325372763"
绵阳市,"511000000000",四川省,T3,Third-tier Cities,3.4631,1.9606,-0.0356,1.79603333333333,-55.0730337078652,0.2144,"11","1","36","2.26299058099739"
聊城市,"372000000000",山东省,T3,Third-tier Cities,4.1233,0.858,0.0799,1.68706666666667,10.738423028786,0.1703,"5","5","55","2.53629020973042"
肇庆市,"441000000000",广东省,T3,Third-tier Cities,2.0494,1.1268,0.0711,1.08243333333333,15.8481012658228,0.3308,"8","37","371","3.91790153044525"
自贡市,"510000000000",四川省,T3,Third-tier Cities,14.4729,0.9906,-0.0441,5.1398,-22.4625850340136,0.0508,"16","9","169","3.42386562470017"
舟山市,"331000000000",浙江省,T3,Third-tier Cities,2.0212,1.5812,-0.0226,1.19326666666667,-69.9646017699115,0.2914,"1","8","91","2.4707201116484"
芜湖市,"340000000000",安徽省,T3,Third-tier Cities,1.6336,1.4334,0.0094,1.02546666666667,,0.3298,"1","0","18","1.2125287199088"
苏州市,"321000000000",江苏省,T2,Second-tier Cities,0.878,0.9895,0.1964,0.687966666666667,5.03818737270876,0.5043,"23","12","624","4.06025161251529"
茂名市,"441000000000",广东省,T3,Third-tier Cities,2.7703,1.0204,0.103,1.2979,9.90679611650486,0.2535,"4","2","47","2.1930837373367"
荆州市,"421000000000",湖北省,T3,Third-tier Cities,9.3261,1.3768,-0.0577,3.5484,-23.8613518197574,0.0796,"2","5","13","1.84314302917047"
荆门市,"421000000000",湖北省,T3,Third-tier Cities,7.4868,0.9843,-0.0605,2.80353333333333,-16.2694214876033,0.0965,"2","3","4","1.3647815207407"
莆田市,"350000000000",福建省,T3,Third-tier Cities,1.6248,1.4566,0.1145,1.0653,12.7213973799127,0.3446,"3","5","12","1.91433439593649"
菏泽市,"372000000000",山东省,T3,Third-tier Cities,1.8518,1.3752,0.0665,1.09783333333333,20.6796992481203,0.3265,"3","0","25","1.54813029971379"
萍乡市,"360000000000",江西省,T3,Third-tier Cities,5.604,1.1116,0.0343,2.24996666666667,32.4081632653061,0.1297,"6","1","11","1.70798799313442"
营口市,"211000000000",辽宁省,T3,Third-tier Cities,0.2611,0.0365,-0.0345,0.0877,-1.05797101449275,0.7425,"1","0","3","0.693147180559945"
葫芦岛市,"211000000000",辽宁省,T3,Third-tier Cities,0.2445,0.2103,-0.0357,0.1397,-5.89075630252101,0.7403,"2","2","34","1.91752421294188"
蚌埠市,"340000000000",安徽省,T3,Third-tier Cities,4.1616,1.1737,0.0522,1.79583333333333,22.4846743295019,0.1745,"6","2","45","2.29105461140417"
衡水市,"131000000000",河北省,T3,Third-tier Cities,1.2545,0.8244,0.0398,0.706233333333333,20.713567839196,0.4287,"0","0","2","0.366204096222703"
衡阳市,"430000000000",湖南省,T3,Third-tier Cities,3.5341,1.089,-0.0277,1.5318,-39.3140794223827,0.1998,"24","2","27","2.54989754123717"
衢州市,"331000000000",浙江省,T3,Third-tier Cities,2.4631,1.0773,0.0087,1.18303333333333,,0.2809,"33","2","7","2.23480478498804"
襄阳市,"421000000000",湖北省,T3,Third-tier Cities,5.3389,1.3293,-0.0152,2.21766666666667,,0.1381,"2","15","174","3.01199566161047"
西双版纳傣族自治州,"533000000000",云南省,T3,Third-tier Cities,0.5132,,,,,,"0","0","72","1.43015314704946"
西宁市,"630000000000",青海省,T3,Third-tier Cities,0.2809,1.6221,0.0781,0.660366666666667,20.7695262483995,0.3421,"14","3","89","2.86471807751746"
西安市,"610000000000",陕西省,T2,Second-tier Cities,0.7033,1.767,0.2751,0.915133333333333,6.42311886586696,0.3699,"32","37","1736","4.86466949581132"
许昌市,"411000000000",河南省,T3,Third-tier Cities,1.832,0.9041,0.038,0.9247,23.7921052631579,0.3553,"2","3","10","1.62760064086212"
贵港市,"451000000000",广西壮族自治区,T3,Third-tier Cities,2.8444,1.489,0.0662,1.46653333333333,22.4924471299094,0.2631,"1","0","1","0.462098120373297"
贵阳市,"520000000000",贵州省,T2,Second-tier Cities,4.3409,2.0114,0.2016,2.18463333333333,9.97718253968254,0.1882,"16","16","168","3.59877513434517"
贺州市,"451000000000",广西壮族自治区,T3,Third-tier Cities,7.4533,1.5612,0.1042,3.03956666666667,14.9827255278311,0.1018,"0","0","2","0.366204096222703"
资阳市,"512000000000",四川省,T3,Third-tier Cities,9.9056,1.0107,-0.3418,3.52483333333333,-2.9569923932124,0.0727,"1","4","19","1.76610578884935"
赣州市,"361000000000",江西省,T3,Third-tier Cities,4.5191,1.5951,0.064,2.0594,24.9234375,0.1689,"18","14","66","3.28572726655321"
赤峰市,"150000000000",内蒙古自治区,T3,Third-tier Cities,0.3116,1.2149,-0.0156,0.503633333333333,,0.4128,"1","5","8","1.56071040904141"
辽源市,"220000000000",吉林省,T3,Third-tier Cities,1.2896,-0.1721,-0.0738,0.3479,2.3319783197832,0.3468,"0","0","1","0.231049060186648"
辽阳市,"211000000000",辽宁省,T3,Third-tier Cities,0.1298,-0.1086,-0.0571,-0.0119666666666667,1.90192644483363,0.7791,"0","0","15","0.924196240746594"
达州市,"512000000000",四川省,T3,Third-tier Cities,4.0045,1.3717,-0.0742,1.76733333333333,-18.4865229110512,0.1827,"3","2","4","1.3647815207407"
运城市,"141000000000",山西省,T3,Third-tier Cities,3.5225,1.2712,-0.0125,1.59373333333333,,0.2059,"3","3","19","1.92277366526459"
连云港市,"321000000000",江苏省,T3,Third-tier Cities,1.8418,1.4715,0.0391,1.11746666666667,37.6342710997442,0.3168,"1","0","2","0.597253156409352"
迪庆藏族自治州,"533000000000",云南省,T3,Third-tier Cities,2.1319,,,,,,"1","4","195","2.52689991740819"
通化市,"221000000000",吉林省,T3,Third-tier Cities,0.8171,-0.3294,-0.0695,0.1394,4.73956834532374,0.4246,"1","1","12","1.31708123952714"
通辽市,"151000000000",内蒙古自治区,T3,Third-tier Cities,0.3582,0.8519,-0.015,0.398366666666667,,0.5244,"0","0","0","0"
遂宁市,"511000000000",四川省,T3,Third-tier Cities,5.2199,1.4662,-0.0588,2.2091,-24.9353741496599,0.1424,"0","0","4","0.5364793041447"
遵义市,"520000000000",贵州省,T3,Third-tier Cities,9.3579,2.2916,0.0708,3.90676666666667,32.3672316384181,0.084,"21","39","174","3.98156929379859"
邢台市,"131000000000",河北省,T3,Third-tier Cities,1.0655,0.6914,0.0726,0.609833333333333,9.52341597796143,0.4821,"0","0","1","0.231049060186648"
那曲市,"541000000000",西藏自治区,T3,Third-tier Cities,2.1365,1.965,,,,,"2","0","4","0.902683400367403"
邯郸市,"130000000000",河北省,T3,Third-tier Cities,0.6836,0.6928,0.0714,0.4826,9.703081232493,0.5487,"2","0","7","1.05935127678265"
邵阳市,"431000000000",湖南省,T3,Third-tier Cities,13.0863,1.5274,0.0134,4.8757,,0.0574,"1","0","1","0.462098120373297"
郑州市,"410000000000",河南省,T2,Second-tier Cities,0.7752,1.2948,-0.1403,0.643233333333333,-9.2287954383464,0.3895,"14","1","89","2.63366901733081"
郴州市,"431000000000",湖南省,T3,Third-tier Cities,2.1046,1.1268,0.0298,1.08706666666667,37.8120805369128,0.3211,"2","0","5","0.963457252632055"
鄂尔多斯市,"151000000000",内蒙古自治区,T3,Third-tier Cities,-0.761,1.4345,0.0914,0.254966666666667,15.6947483588621,0.2977,"0","0","2","0.366204096222703"
鄂州市,"421000000000",湖北省,T3,Third-tier Cities,5.4033,1.2347,0.0055,2.2145,,0.1355,"3","8","22","2.23967105146175"
酒泉市,"621000000000",甘肃省,T3,Third-tier Cities,1.3263,0.5302,0.0223,0.626266666666667,23.7757847533632,0.4167,"1","2","11","1.42555537300535"
重庆市,"500000000000",重庆市,T3,Third-tier Cities,0.4653,1.4644,0.0211,0.650266666666667,69.4028436018957,0.3805,"30","24","399","4.21477585882044"
金华市,"331000000000",浙江省,T3,Third-tier Cities,1.5025,1.0789,0.0561,0.879166666666667,19.2317290552585,0.3779,"1","5","16","1.77270666461474"
金昌市,"620000000000",甘肃省,T3,Third-tier Cities,0.8121,0.7872,-0.0578,0.513833333333333,-13.6193771626298,0.4666,"1","1","0","0.462098120373297"
钦州市,"451000000000",广西壮族自治区,T3,Third-tier Cities,1.645,2.0346,0.0722,1.2506,28.1800554016621,0.2979,"10","7","40","2.73030296039417"
铁岭市,"211000000000",辽宁省,T3,Third-tier Cities,-0.4766,0.3325,-0.0702,-0.0714333333333333,-4.73646723646724,0.5524,"0","0","4","0.5364793041447"
铜仁市,"521000000000",贵州省,T3,Third-tier Cities,11.1795,2.3774,0.0528,4.53656666666667,45.0265151515152,0.07,"1","0","4","0.767528364331349"
铜川市,"610000000000",陕西省,T3,Third-tier Cities,1.6832,1.0863,-0.0856,0.894633333333333,-12.6904205607477,0.3378,"2","0","1","0.597253156409352"
铜陵市,"341000000000",安徽省,T3,Third-tier Cities,2.7166,0.8669,1.2642,1.6159,0.685730105995887,0.3124,"4","0","7","1.22962648470465"
银川市,"640000000000",宁夏回族自治区,T3,Third-tier Cities,0.0882,1.6078,0.2859,0.660633333333333,5.62364463098986,0.3455,"7","0","34","1.87826320105642"
锡林郭勒盟,"153000000000",内蒙古自治区,T3,Third-tier Cities,0.5882,,,,,,"0","0","3","0.462098120373297"
锦州市,"211000000000",辽宁省,T3,Third-tier Cities,0.1736,-0.033,-0.0711,0.0231666666666667,0.464135021097046,0.7687,"8","0","9","1.49993655677676"
镇江市,"321000000000",江苏省,T3,Third-tier Cities,1.6262,1.0443,-0.0162,0.884766666666667,,0.3569,"32","37","272","4.24785517212594"
长春市,"220000000000",吉林省,T2,Second-tier Cities,0.8648,0.6758,0.1243,0.554966666666667,5.43684633950121,0.5372,"25","15","284","3.89439148017664"
长沙市,"430000000000",湖南省,T2,Second-tier Cities,3.3341,1.2533,0.1626,1.58333333333333,7.70787207872079,0.2221,"80","96","1039","5.30537870843708"
长治市,"140000000000",山西省,T3,Third-tier Cities,1.8549,1.1111,0.0086,0.991533333333333,,0.3372,"2","16","155","2.99389387999129"
阜新市,"211000000000",辽宁省,T3,Third-tier Cities,0.2492,0.0317,-0.0658,0.0717,-0.481762917933131,0.738,"4","0","10","1.33577772841082"
阜阳市,"341000000000",安徽省,T3,Third-tier Cities,4.0358,1.5306,0.0339,1.86676666666667,45.1504424778761,0.1873,"16","3","34","2.59161858888851"
防城港市,"451000000000",广西壮族自治区,T3,Third-tier Cities,5.007,1.4873,0.1135,2.2026,13.1039647577093,0.1513,"13","17","256","3.69283505746888"
阳江市,"442000000000",广东省,T3,Third-tier Cities,2.3445,0.8534,0.0726,1.09016666666667,11.7548209366391,0.285,"0","0","4","0.5364793041447"
阳泉市,"140000000000",山西省,T3,Third-tier Cities,0.4528,0.7594,-0.0083,0.4013,,0.5497,"5","0","4","1.13373246055405"
阿克苏地区,"653000000000",新疆维吾尔自治区,T3,Third-tier Cities,2.1455,,,,,,"0","0","10","0.799298424266124"
阿勒泰地区,"654000000000",新疆维吾尔自治区,T3,Third-tier Cities,1.6423,,,,,,"0","0","8","0.732408192445407"
阿坝藏族羌族自治州,"513000000000",四川省,T3,Third-tier Cities,4.1923,,,,,,"0","1","19","1.22962648470465"
阿拉善盟,"153000000000",内蒙古自治区,T3,Third-tier Cities,-0.2005,,,,,,"0","0","5","0.597253156409352"
阿里地区,"543000000000",西藏自治区,T3,Third-tier Cities,42.4242,,,,,,"0","0","6","0.648636716351771"
陇南市,"621000000000",甘肃省,T3,Third-tier Cities,2.1315,1.5914,-0.0102,1.23756666666667,,0.2861,"10","3","45","2.53761034346912"
随州市,"421000000000",湖北省,T3,Third-tier Cities,3.5285,1.1708,-0.0541,1.5484,-21.641404805915,0.2016,"0","0","1","0.231049060186648"
雅安市,"512000000000",四川省,T3,Third-tier Cities,57.7,1.2352,-0.0288,19.6354666666667,-42.8888888888889,0.013,"6","3","62","2.49177974552225"
青岛市,"370000000000",山东省,T2,Second-tier Cities,-0.088,1.1789,0.1058,0.3989,11.1427221172023,0.3906,"19","40","874","4.49450940887197"
鞍山市,"210000000000",辽宁省,T3,Third-tier Cities,-0.17,0.4574,-0.0554,0.0773333333333333,-8.25631768953069,0.5681,"2","3","22","1.87346695523905"
韶关市,"440000000000",广东省,T3,Third-tier Cities,2.9352,0.91,0.0322,1.29246666666667,28.2608695652174,0.2333,"4","1","10","1.56682678859747"
马鞍山市,"341000000000",安徽省,T3,Third-tier Cities,1.5206,1.0723,-0.0061,0.862266666666667,,0.3654,"3","0","41","1.70798799313442"
驻马店市,"412000000000",河南省,T3,Third-tier Cities,3.8937,1.3995,0.0743,1.78916666666667,18.835800807537,0.192,"8","2","5","1.69586544507746"
鸡西市,"230000000000",黑龙江省,T3,Third-tier Cities,-0.3317,0.1922,-0.1232,-0.0875666666666667,-1.56006493506494,0.6412,"28","163","873","5.08008087782207"
鹤壁市,"411000000000",河南省,T3,Third-tier Cities,2.5739,0.8822,0.0546,1.17023333333333,16.1575091575092,0.2627,"3","3","12","1.77917935990044"
鹤岗市,"230000000000",黑龙江省,T3,Third-tier Cities,-0.2144,0.1417,-0.1244,-0.0657,-1.13906752411576,0.7068,"0","0","0","0"
鹰潭市,"361000000000",江西省,T3,Third-tier Cities,6.004,1.5449,0.0403,2.52973333333333,38.3349875930521,0.1258,"7","2","10","1.85864970104877"
黄冈市,"421000000000",湖北省,T3,Third-tier Cities,5.7492,1.2952,-0.035,2.33646666666667,-37.0057142857143,0.1278,"3","4","9","1.76610578884935"
黄南藏族自治州,"632000000000",青海省,T3,Third-tier Cities,19.125,,,,,,"2","0","14","1.26888749659011"
黄山市,"341000000000",安徽省,T3,Third-tier Cities,1.2116,1.4164,-0.002,0.875333333333333,,0.363,"12","22","216","3.69344697564372"
黄石市,"420000000000",湖北省,T3,Third-tier Cities,4.566,0.952,0.044,1.854,21.6363636363636,0.1557,"0","11","24","1.9012608248854"
黑河市,"231000000000",黑龙江省,T3,Third-tier Cities,0.8692,0.8094,-0.1204,0.5194,-6.72259136212625,0.4387,"28","16","125","3.67893036033139"
黔东南苗族侗族自治州,"523000000000",贵州省,T3,Third-tier Cities,9.6845,,,,,,"0","0","9","0.767528364331349"
黔南布依族苗族自治州,"523000000000",贵州省,T3,Third-tier Cities,9.3665,,,,,,"1","0","4","0.767528364331349"
黔西南布依族苗族自治州,"522000000000",贵州省,T3,Third-tier Cities,-0.0538,,,,,,"1","0","26","1.32966134885476"
齐齐哈尔市,"230000000000",黑龙江省,T3,Third-tier Cities,0.9754,0.5645,-0.0825,0.4858,-6.84242424242424,0.468,"1","4","74","2.20669106884345"
龙岩市,"351000000000",福建省,T3,Third-tier Cities,1.8167,1.2376,0.0615,1.0386,20.1235772357724,0.3385,"2","2","32","1.89791071293423"
