year,city,GDP,corridor_id,corridor_nm,node_type
"2012",北京市,190247300,KG,Beijing-Guangzhou,core
"2013",北京市,211345800,KG,Beijing-Guangzhou,core
"2014",北京市,229260000,KG,Beijing-Guangzhou,core
"2015",北京市,247791000,KG,Beijing-Guangzhou,core
"2016",北京市,270412000,KG,Beijing-Guangzhou,core
"2017",北京市,298830000,KG,Beijing-Guangzhou,core
"2018",北京市,331059700,KG,Beijing-Guangzhou,core
"2019",北京市,354451300,KG,Beijing-Guangzhou,core
"2020",北京市,385036000,KG,Beijing-Guangzhou,core
"2021",北京市,443507000,KG,Beijing-Guangzhou,core
"2022",北京市,450224000,KG,Beijing-Guangzhou,core
"2012",天津市,90430200,,,
"2013",天津市,99454000,,,
"2014",天津市,106406200,,,
"2015",天津市,108795100,,,
"2016",天津市,114772000,,,
"2017",天津市,124505600,,,
"2018",天津市,133629200,,,
"2019",天津市,140554600,,,
"2020",天津市,140079900,,,
"2021",天津市,156850500,,,
"2022",天津市,161321600,,,
"2012",石家庄市,36009700,KG,Beijing-Guangzhou,core
"2013",石家庄市,38719900,KG,Beijing-Guangzhou,core
"2014",石家庄市,40632501,KG,Beijing-Guangzhou,core
"2015",石家庄市,42636683,KG,Beijing-Guangzhou,core
"2016",石家庄市,46425102,KG,Beijing-Guangzhou,core
"2017",石家庄市,50253300,KG,Beijing-Guangzhou,core
"2018",石家庄市,53750885,KG,Beijing-Guangzhou,core
"2019",石家庄市,58098963,KG,Beijing-Guangzhou,core
"2020",石家庄市,59331681,KG,Beijing-Guangzhou,core
"2021",石家庄市,64903055,KG,Beijing-Guangzhou,core
"2022",石家庄市,70808125,KG,Beijing-Guangzhou,core
"2012",唐山市,47159004,,,
"2013",唐山市,49365981,,,
"2014",唐山市,50855503,,,
"2015",唐山市,51177949,,,
"2016",唐山市,56024580,,,
"2017",唐山市,59169484,,,
"2018",唐山市,63000341,,,
"2019",唐山市,68899894,,,
"2020",唐山市,73508000,,,
"2021",唐山市,84393000,,,
"2022",唐山市,89183000,,,
"2012",秦皇岛市,10831374.44,,,
"2013",秦皇岛市,11157633.23,,,
"2014",秦皇岛市,11463785.66,,,
"2015",秦皇岛市,11925956.31,,,
"2016",秦皇岛市,12529618,,,
"2017",秦皇岛市,14005993,,,
"2018",秦皇岛市,15073259,,,
"2019",秦皇岛市,16120304.2,,,
"2020",秦皇岛市,16704481.58,,,
"2021",秦皇岛市,18437555,,,
"2022",秦皇岛市,19005992,,,
"2012",邯郸市,25672348,KG,Beijing-Guangzhou,middle
"2013",邯郸市,25949425,KG,Beijing-Guangzhou,middle
"2014",邯郸市,26195638,KG,Beijing-Guangzhou,middle
"2015",邯郸市,26393743,KG,Beijing-Guangzhou,middle
"2016",邯郸市,29762614,KG,Beijing-Guangzhou,middle
"2017",邯郸市,31549816,KG,Beijing-Guangzhou,middle
"2018",邯郸市,32592244,KG,Beijing-Guangzhou,middle
"2019",邯郸市,34860371,KG,Beijing-Guangzhou,middle
"2020",邯郸市,36751000,KG,Beijing-Guangzhou,middle
"2021",邯郸市,41995000,KG,Beijing-Guangzhou,middle
"2022",邯郸市,43459000,KG,Beijing-Guangzhou,middle
"2012",邢台市,15320600,KG,Beijing-Guangzhou,middle
"2013",邢台市,16045800,KG,Beijing-Guangzhou,middle
"2014",邢台市,16469400,KG,Beijing-Guangzhou,middle
"2015",邢台市,17647300,KG,Beijing-Guangzhou,middle
"2016",邢台市,19323300,KG,Beijing-Guangzhou,middle
"2017",邢台市,20906200,KG,Beijing-Guangzhou,middle
"2018",邢台市,19475800,KG,Beijing-Guangzhou,middle
"2019",邢台市,21199600,KG,Beijing-Guangzhou,middle
"2020",邢台市,22383000,KG,Beijing-Guangzhou,middle
"2021",邢台市,24945000,KG,Beijing-Guangzhou,middle
"2022",邢台市,25913000,KG,Beijing-Guangzhou,middle
"2012",保定市,27209000,KG,Beijing-Guangzhou,middle
"2013",保定市,29063800,KG,Beijing-Guangzhou,middle
"2014",保定市,30352000,KG,Beijing-Guangzhou,middle
"2015",保定市,33005600,KG,Beijing-Guangzhou,middle
"2016",保定市,34771300,KG,Beijing-Guangzhou,middle
"2017",保定市,34497400,KG,Beijing-Guangzhou,middle
"2018",保定市,35266100,KG,Beijing-Guangzhou,middle
"2019",保定市,37722000,KG,Beijing-Guangzhou,middle
"2020",保定市,39543000,KG,Beijing-Guangzhou,middle
"2021",保定市,44016800,KG,Beijing-Guangzhou,middle
"2022",保定市,46080400,KG,Beijing-Guangzhou,middle
"2012",张家口市,10133724,,,
"2013",张家口市,10841129,,,
"2014",张家口市,11155145,,,
"2015",张家口市,11469164,,,
"2016",张家口市,12561645,,,
"2017",张家口市,13349937,,,
"2018",张家口市,14292855,,,
"2019",张家口市,15510598,,,
"2020",张家口市,15972000,,,
"2021",张家口市,17426000,,,
"2022",张家口市,17903000,,,
"2012",承德市,10369300,,,
"2013",承德市,10815700,,,
"2014",承德市,11389100,,,
"2015",承德市,11477400,,,
"2016",承德市,12863000,,,
"2017",承德市,13246800,,,
"2018",承德市,13760900,,,
"2019",承德市,14710000,,,
"2020",承德市,15340500,,,
"2021",承德市,16970000,,,
"2022",承德市,17802000,,,
"2012",沧州市,24059900,,,
"2013",沧州市,25005600,,,
"2014",沧州市,25760200,,,
"2015",沧州市,26580200,,,
"2016",沧州市,30031000,,,
"2017",沧州市,31731400,,,
"2018",沧州市,32669300,,,
"2019",沧州市,35880000,,,
"2020",沧州市,36998700,,,
"2021",沧州市,41633900,,,
"2022",沧州市,43881700,,,
"2012",廊坊市,16930900,,,
"2013",廊坊市,18033600,,,
"2014",廊坊市,20515600,,,
"2015",廊坊市,24112300,,,
"2016",廊坊市,26350300,,,
"2017",廊坊市,28081600,,,
"2018",廊坊市,30331100,,,
"2019",廊坊市,31960400,,,
"2020",廊坊市,33287000,,,
"2021",廊坊市,36130000,,,
"2022",廊坊市,36309000,,,
"2012",衡水市,10020000,,,
"2013",衡水市,11113000,,,
"2014",衡水市,11769000,,,
"2015",衡水市,12269000,,,
"2016",衡水市,14196100,,,
"2017",衡水市,15231900,,,
"2018",衡水市,13818100,,,
"2019",衡水市,15049300,,,
"2020",衡水市,15655000,,,
"2021",衡水市,17280000,,,
"2022",衡水市,18280000,,,
"2012",太原市,22650700,,,
"2013",太原市,23685400,,,
"2014",太原市,24662500,,,
"2015",太原市,26637600,,,
"2016",太原市,27445100,,,
"2017",太原市,32873400,,,
"2018",太原市,37452300,,,
"2019",太原市,40028300,,,
"2020",太原市,42224100,,,
"2021",太原市,50950900,,,
"2022",太原市,54227200,,,
"2012",大同市,8743000,,,
"2013",大同市,9193000,,,
"2014",大同市,9411000,,,
"2015",大同市,9849800,,,
"2016",大同市,9501000,,,
"2017",大同市,11020600,,,
"2018",大同市,12251700,,,
"2019",大同市,13041000,,,
"2020",大同市,13780000,,,
"2021",大同市,16521000,,,
"2022",大同市,17909000,,,
"2012",阳泉市,5757200,,,
"2013",阳泉市,5824300,,,
"2014",阳泉市,5857700,,,
"2015",阳泉市,5438100,,,
"2016",阳泉市,5638700,,,
"2017",阳泉市,6400500,,,
"2018",阳泉市,6828300,,,
"2019",阳泉市,7132800,,,
"2020",阳泉市,7422400,,,
"2021",阳泉市,9165800,,,
"2022",阳泉市,10129300,,,
"2012",长治市,13286097,,,
"2013",长治市,13337207,,,
"2014",长治市,13311415,,,
"2015",长治市,11953423,,,
"2016",长治市,12704767,,,
"2017",长治市,14775312,,,
"2018",长治市,16456336,,,
"2019",长治市,16399173,,,
"2020",长治市,17116354,,,
"2021",长治市,23110788,,,
"2022",长治市,28048480,,,
"2012",晋城市,9512100,,,
"2013",晋城市,9629100,,,
"2014",晋城市,9717600,,,
"2015",晋城市,9584800,,,
"2016",晋城市,9496900,,,
"2017",晋城市,11016500,,,
"2018",晋城市,12660800,,,
"2019",晋城市,13495800,,,
"2020",晋城市,14621000,,,
"2021",晋城市,19918000,,,
"2022",晋城市,23220000,,,
"2012",朔州市,10071200,,,
"2013",朔州市,10274400,,,
"2014",朔州市,10034100,,,
"2015",朔州市,9011300,,,
"2016",朔州市,9180600,,,
"2017",朔州市,9802200,,,
"2018",朔州市,10656300,,,
"2019",朔州市,10566800,,,
"2020",朔州市,11004900,,,
"2021",朔州市,14206500,,,
"2022",朔州市,15362000,,,
"2012",晋中市,9343674,,,
"2013",晋中市,9639343,,,
"2014",晋中市,9836513,,,
"2015",晋中市,9892715,,,
"2016",晋中市,10019130,,,
"2017",晋中市,12310790,,,
"2018",晋中市,13640745,,,
"2019",晋中市,14404663,,,
"2020",晋中市,16226000,,,
"2021",晋中市,20886000,,,
"2022",晋中市,24218000,,,
"2012",运城市,10131900,,,
"2013",运城市,10821600,,,
"2014",运城市,11321300,,,
"2015",运城市,10945300,,,
"2016",运城市,11299300,,,
"2017",运城市,13172300,,,
"2018",运城市,14499000,,,
"2019",运城市,15448000,,,
"2020",运城市,16776900,,,
"2021",运城市,20530700,,,
"2022",运城市,23011500,,,
"2012",忻州市,6011000,,,
"2013",忻州市,6277000,,,
"2014",忻州市,6459000,,,
"2015",忻州市,6415000,,,
"2016",忻州市,6553000,,,
"2017",忻州市,8356000,,,
"2018",忻州市,9378000,,,
"2019",忻州市,10057000,,,
"2020",忻州市,10611000,,,
"2021",忻州市,13443000,,,
"2022",忻州市,14898000,,,
"2012",临汾市,11246300,,,
"2013",临汾市,11349500,,,
"2014",临汾市,11180000,,,
"2015",临汾市,10703100,,,
"2016",临汾市,10903100,,,
"2017",临汾市,12661900,,,
"2018",临汾市,13611800,,,
"2019",临汾市,14431700,,,
"2020",临汾市,15710000,,,
"2021",临汾市,20140000,,,
"2022",临汾市,22717000,,,
"2012",吕梁市,11932728,,,
"2013",吕梁市,11957027,,,
"2014",吕梁市,10834734,,,
"2015",吕梁市,9551318,,,
"2016",吕梁市,9626143,,,
"2017",吕梁市,13077120,,,
"2018",吕梁市,14211983,,,
"2019",吕梁市,15017250,,,
"2020",吕梁市,15529828,,,
"2021",吕梁市,21384889,,,
"2022",吕梁市,24189048,,,
"2012",呼和浩特市,15500400,,,
"2013",呼和浩特市,17410600,,,
"2014",呼和浩特市,18774900,,,
"2015",呼和浩特市,20922400,,,
"2016",呼和浩特市,22365100,,,
"2017",呼和浩特市,24328700,,,
"2018",呼和浩特市,26013800,,,
"2019",呼和浩特市,27914600,,,
"2020",呼和浩特市,27854800,,,
"2021",呼和浩特市,31778200,,,
"2022",呼和浩特市,34597300,,,
"2012",包头市,16861900,,,
"2013",包头市,17896500,,,
"2014",包头市,18715200,,,
"2015",包头市,19577900,,,
"2016",包头市,20924400,,,
"2017",包头市,22870200,,,
"2018",包头市,25110900,,,
"2019",包头市,27144700,,,
"2020",包头市,27696500,,,
"2021",包头市,33687900,,,
"2022",包头市,38801900,,,
"2012",乌海市,3415700,,,
"2013",乌海市,3528500,,,
"2014",乌海市,3667200,,,
"2015",乌海市,3740400,,,
"2016",乌海市,3890600,,,
"2017",乌海市,4248400,,,
"2018",乌海市,4939700,,,
"2019",乌海市,5509500,,,
"2020",乌海市,5597800,,,
"2021",乌海市,7400600,,,
"2022",乌海市,8033200,,,
"2012",赤峰市,9807000,,,
"2013",赤峰市,10721800,,,
"2014",赤峰市,11635800,,,
"2015",赤峰市,12775700,,,
"2016",赤峰市,13606200,,,
"2017",赤峰市,14617100,,,
"2018",赤峰市,15929800,,,
"2019",赤峰市,17083800,,,
"2020",赤峰市,17806000,,,
"2021",赤峰市,20437000,,,
"2022",赤峰市,21722000,,,
"2012",通辽市,8533900,,,
"2013",通辽市,9153700,,,
"2014",通辽市,9648700,,,
"2015",通辽市,10024200,,,
"2016",通辽市,10685000,,,
"2017",通辽市,11129400,,,
"2018",通辽市,11902900,,,
"2019",通辽市,12672600,,,
"2020",通辽市,12772000,,,
"2021",通辽市,14712000,,,
"2022",通辽市,15804000,,,
"2012",鄂尔多斯市,23058253,,,
"2013",鄂尔多斯市,24824894,,,
"2014",鄂尔多斯市,26226857,,,
"2015",鄂尔多斯市,26986701,,,
"2016",鄂尔多斯市,28739996,,,
"2017",鄂尔多斯市,31502118,,,
"2018",鄂尔多斯市,34002129,,,
"2019",鄂尔多斯市,36050200,,,
"2020",鄂尔多斯市,35104888,,,
"2021",鄂尔多斯市,49502731,,,
"2022",鄂尔多斯市,56134374,,,
"2012",呼伦贝尔市,7714700,,,
"2013",呼伦贝尔市,8385800,,,
"2014",呼伦贝尔市,9115400,,,
"2015",呼伦贝尔市,9700000,,,
"2016",呼伦贝尔市,10319600,,,
"2017",呼伦贝尔市,10727300,,,
"2018",呼伦贝尔市,11373500,,,
"2019",呼伦贝尔市,11930300,,,
"2020",呼伦贝尔市,11728300,,,
"2021",呼伦贝尔市,13924800,,,
"2022",呼伦贝尔市,15360200,,,
"2012",巴彦淖尔市,5278500,,,
"2013",巴彦淖尔市,5961200,,,
"2014",巴彦淖尔市,6270300,,,
"2015",巴彦淖尔市,6562400,,,
"2016",巴彦淖尔市,6978900,,,
"2017",巴彦淖尔市,7504700,,,
"2018",巴彦淖尔市,8128000,,,
"2019",巴彦淖尔市,8750100,,,
"2020",巴彦淖尔市,8946000,,,
"2021",巴彦淖尔市,10361000,,,
"2022",巴彦淖尔市,11069000,,,
"2012",乌兰察布市,7787100,,,
"2013",乌兰察布市,8337900,,,
"2014",乌兰察布市,8737300,,,
"2015",乌兰察布市,9137700,,,
"2016",乌兰察布市,9388700,,,
"2017",乌兰察布市,6897800,,,
"2018",乌兰察布市,7481300,,,
"2019",乌兰察布市,8084200,,,
"2020",乌兰察布市,8516000,,,
"2021",乌兰察布市,9743000,,,
"2022",乌兰察布市,10609000,,,
"2012",沈阳市,43955500,,,
"2013",沈阳市,47571800,,,
"2014",沈阳市,50530900,,,
"2015",沈阳市,52429000,,,
"2016",沈阳市,52889100,,,
"2017",沈阳市,55492300,,,
"2018",沈阳市,61019200,,,
"2019",沈阳市,64645000,,,
"2020",沈阳市,65715500,,,
"2021",沈阳市,72497300,,,
"2022",沈阳市,76962800,,,
"2012",大连市,45049000,,,
"2013",大连市,49032000,,,
"2014",大连市,51819000,,,
"2015",大连市,54001000,,,
"2016",大连市,56480000,,,
"2017",大连市,60522000,,,
"2018",大连市,65009000,,,
"2019",大连市,69900000,,,
"2020",大连市,70004000,,,
"2021",大连市,78256000,,,
"2022",大连市,83999000,,,
"2012",鞍山市,12784800,,,
"2013",鞍山市,13785800,,,
"2014",鞍山市,14316700,,,
"2015",鞍山市,14731800,,,
"2016",鞍山市,14554200,,,
"2017",鞍山市,15220100,,,
"2018",鞍山市,16239100,,,
"2019",鞍山市,17295700,,,
"2020",鞍山市,17191000,,,
"2021",鞍山市,18169500,,,
"2022",鞍山市,18632300,,,
"2012",抚顺市,7540000,,,
"2013",抚顺市,8292000,,,
"2014",抚顺市,8696000,,,
"2015",抚顺市,8156000,,,
"2016",抚顺市,7924000,,,
"2017",抚顺市,8327000,,,
"2018",抚顺市,8809900,,,
"2019",抚顺市,8470000,,,
"2020",抚顺市,8236000,,,
"2021",抚顺市,8701000,,,
"2022",抚顺市,9277000,,,
"2012",本溪市,6095600,,,
"2013",本溪市,6305300,,,
"2014",本溪市,6519100,,,
"2015",本溪市,6874800,,,
"2016",本溪市,6990200,,,
"2017",本溪市,7289800,,,
"2018",本溪市,7680700,,,
"2019",本溪市,7810000,,,
"2020",本溪市,8104000,,,
"2021",本溪市,8942300,,,
"2022",本溪市,9308100,,,
"2012",丹东市,6275900,,,
"2013",丹东市,6810000,,,
"2014",丹东市,7136700,,,
"2015",丹东市,6771200,,,
"2016",丹东市,6885500,,,
"2017",丹东市,7156900,,,
"2018",丹东市,7370500,,,
"2019",丹东市,7678500,,,
"2020",丹东市,7794200,,,
"2021",丹东市,8544100,,,
"2022",丹东市,8907200,,,
"2012",锦州市,12427100,,,
"2013",锦州市,13449300,,,
"2014",锦州市,13640000,,,
"2015",锦州市,13273300,,,
"2016",锦州市,10328100,,,
"2017",锦州市,10775300,,,
"2018",锦州市,11924100,,,
"2019",锦州市,10730300,,,
"2020",锦州市,10722000,,,
"2021",锦州市,11483400,,,
"2022",锦州市,12016600,,,
"2012",营口市,13811800,,,
"2013",营口市,15131100,,,
"2014",营口市,15460800,,,
"2015",营口市,15137500,,,
"2016",营口市,11562500,,,
"2017",营口市,12705300,,,
"2018",营口市,13467200,,,
"2019",营口市,13281600,,,
"2020",营口市,13254600,,,
"2021",营口市,14032400,,,
"2022",营口市,14315700,,,
"2012",阜新市,5599600,,,
"2013",阜新市,6151200,,,
"2014",阜新市,6061600,,,
"2015",阜新市,5255400,,,
"2016",阜新市,4078200,,,
"2017",阜新市,4090700,,,
"2018",阜新市,4459900,,,
"2019",阜新市,4880000,,,
"2020",阜新市,5050000,,,
"2021",阜新市,5447000,,,
"2022",阜新市,5777000,,,
"2012",辽阳市,10004900,,,
"2013",辽阳市,10799900,,,
"2014",辽阳市,10146200,,,
"2015",辽阳市,10285800,,,
"2016",辽阳市,6668800,,,
"2017",辽阳市,7628700,,,
"2018",辽阳市,8697300,,,
"2019",辽阳市,8310200,,,
"2020",辽阳市,8380000,,,
"2021",辽阳市,8597300,,,
"2022",辽阳市,8918500,,,
"2012",盘锦市,10563900,,,
"2013",盘锦市,10761600,,,
"2014",盘锦市,11044400,,,
"2015",盘锦市,10164900,,,
"2016",盘锦市,9535200,,,
"2017",盘锦市,10591700,,,
"2018",盘锦市,11756800,,,
"2019",盘锦市,12791800,,,
"2020",盘锦市,12840600,,,
"2021",盘锦市,13832100,,,
"2022",盘锦市,13943200,,,
"2012",铁岭市,5597500,,,
"2013",铁岭市,6073600,,,
"2014",铁岭市,6274700,,,
"2015",铁岭市,5868600,,,
"2016",铁岭市,5828400,,,
"2017",铁岭市,5955000,,,
"2018",铁岭市,6126500,,,
"2019",铁岭市,6400700,,,
"2020",铁岭市,6630600,,,
"2021",铁岭市,7159600,,,
"2022",铁岭市,7458600,,,
"2012",朝阳市,9206300,,,
"2013",朝阳市,10028600,,,
"2014",朝阳市,9935200,,,
"2015",朝阳市,8547300,,,
"2016",朝阳市,7165300,,,
"2017",朝阳市,7626600,,,
"2018",朝阳市,8314300,,,
"2019",朝阳市,8430000,,,
"2020",朝阳市,8760000,,,
"2021",朝阳市,9447800,,,
"2022",朝阳市,9949900,,,
"2012",葫芦岛市,7193300,,,
"2013",葫芦岛市,7751100,,,
"2014",葫芦岛市,7215500,,,
"2015",葫芦岛市,7201700,,,
"2016",葫芦岛市,6473500,,,
"2017",葫芦岛市,7179000,,,
"2018",葫芦岛市,8127800,,,
"2019",葫芦岛市,8070000,,,
"2020",葫芦岛市,7700000,,,
"2021",葫芦岛市,8416600,,,
"2022",葫芦岛市,8706000,,,
"2012",长春市,40247000,,,
"2013",长春市,43877000,,,
"2014",长春市,47593000,,,
"2015",长春市,47738000,,,
"2016",长春市,50359000,,,
"2017",长春市,54323000,,,
"2018",长春市,56351100,,,
"2019",长春市,59041400,,,
"2020",长春市,66015900,,,
"2021",长春市,70646500,,,
"2022",长春市,67445600,,,
"2012",吉林市,24300668,,,
"2013",吉林市,26174061,,,
"2014",吉林市,23795605,,,
"2015",吉林市,23941860,,,
"2016",吉林市,24535091,,,
"2017",吉林市,22088526,,,
"2018",吉林市,22102386,,,
"2019",吉林市,14165563,,,
"2020",吉林市,14650000,,,
"2021",吉林市,15636000,,,
"2022",吉林市,15314000,,,
"2012",四平市,6340700,,,
"2013",四平市,6642800,,,
"2014",四平市,6791000,,,
"2015",四平市,6816000,,,
"2016",四平市,6876700,,,
"2017",四平市,7136400,,,
"2018",四平市,7367900,,,
"2019",四平市,7958800,,,
"2020",四平市,5236800,,,
"2021",四平市,5510200,,,
"2022",四平市,5817100,,,
"2012",辽源市,6051273,,,
"2013",辽源市,7003010,,,
"2014",辽源市,6903093,,,
"2015",辽源市,7266404,,,
"2016",辽源市,7652485,,,
"2017",辽源市,6686511,,,
"2018",辽源市,6216011,,,
"2019",辽源市,4103836,,,
"2020",辽源市,4299003,,,
"2021",辽源市,4634867,,,
"2022",辽源市,5010138,,,
"2012",通化市,8811200,,,
"2013",通化市,9382300,,,
"2014",通化市,10085000,,,
"2015",通化市,10012100,,,
"2016",通化市,9475900,,,
"2017",通化市,8361300,,,
"2018",通化市,8293000,,,
"2019",通化市,7258000,,,
"2020",通化市,5316900,,,
"2021",通化市,5679000,,,
"2022",通化市,5909000,,,
"2012",白山市,6430212,,,
"2013",白山市,6736447,,,
"2014",白山市,6752889,,,
"2015",白山市,6685521,,,
"2016",白山市,6966243,,,
"2017",白山市,6600610,,,
"2018",白山市,6617099,,,
"2019",白山市,5096629,,,
"2020",白山市,5094239,,,
"2021",白山市,5414054,,,
"2022",白山市,5417591,,,
"2012",松原市,16054206,,,
"2013",松原市,16504848,,,
"2014",松原市,15962932,,,
"2015",松原市,16373003,,,
"2016",松原市,16516898,,,
"2017",松原市,13725133,,,
"2018",松原市,13736009,,,
"2019",松原市,7297836,,,
"2020",松原市,7528833,,,
"2021",松原市,8177054,,,
"2022",松原市,8727451,,,
"2012",白城市,6155007,,,
"2013",白城市,6923486,,,
"2014",白城市,6861811,,,
"2015",白城市,6996822,,,
"2016",白城市,7001392,,,
"2017",白城市,6182796,,,
"2018",白城市,6065061,,,
"2019",白城市,4915546,,,
"2020",白城市,5101783,,,
"2021",白城市,5488325,,,
"2022",白城市,5748624,,,
"2012",哈尔滨市,31866000,,,
"2013",哈尔滨市,35411000,,,
"2014",哈尔滨市,37916000,,,
"2015",哈尔滨市,40653000,,,
"2016",哈尔滨市,43746000,,,
"2017",哈尔滨市,47172000,,,
"2018",哈尔滨市,50101000,,,
"2019",哈尔滨市,51294300,,,
"2020",哈尔滨市,51352200,,,
"2021",哈尔滨市,52925400,,,
"2022",哈尔滨市,54349300,,,
"2012",齐齐哈尔市,8424900,,,
"2013",齐齐哈尔市,8994500,,,
"2014",齐齐哈尔市,9390500,,,
"2015",齐齐哈尔市,9815800,,,
"2016",齐齐哈尔市,10381500,,,
"2017",齐齐哈尔市,10438300,,,
"2018",齐齐哈尔市,10522000,,,
"2019",齐齐哈尔市,11230300,,,
"2020",齐齐哈尔市,11861000,,,
"2021",齐齐哈尔市,12356200,,,
"2022",齐齐哈尔市,13181000,,,
"2012",鸡西市,5575600,,,
"2013",鸡西市,5397900,,,
"2014",鸡西市,5099800,,,
"2015",鸡西市,5010100,,,
"2016",鸡西市,5046100,,,
"2017",鸡西市,5085800,,,
"2018",鸡西市,5209600,,,
"2019",鸡西市,5528400,,,
"2020",鸡西市,5700800,,,
"2021",鸡西市,6149900,,,
"2022",鸡西市,6647100,,,
"2012",鹤岗市,3582400,,,
"2013",鹤岗市,3040000,,,
"2014",鹤岗市,2594600,,,
"2015",鹤岗市,2852000,,,
"2016",鹤岗市,2856200,,,
"2017",鹤岗市,3081600,,,
"2018",鹤岗市,3176400,,,
"2019",鹤岗市,3368200,,,
"2020",鹤岗市,3333800,,,
"2021",鹤岗市,3600300,,,
"2022",鹤岗市,4090000,,,
"2012",双鸭山市,5654300,,,
"2013",双鸭山市,5101000,,,
"2014",双鸭山市,4326800,,,
"2015",双鸭山市,3853600,,,
"2016",双鸭山市,3852500,,,
"2017",双鸭山市,4077600,,,
"2018",双鸭山市,4468200,,,
"2019",双鸭山市,4783100,,,
"2020",双鸭山市,4876200,,,
"2021",双鸭山市,5203600,,,
"2022",双鸭山市,5542000,,,
"2012",大庆市,40010700,,,
"2013",大庆市,41000500,,,
"2014",大庆市,40775100,,,
"2015",大庆市,23018300,,,
"2016",大庆市,20805000,,,
"2017",大庆市,22340900,,,
"2018",大庆市,25026400,,,
"2019",大庆市,25403400,,,
"2020",大庆市,22482700,,,
"2021",大庆市,26000900,,,
"2022",大庆市,29584000,,,
"2012",伊春市,2421900,,,
"2013",伊春市,2602100,,,
"2014",伊春市,2404800,,,
"2015",伊春市,2336900,,,
"2016",伊春市,2383100,,,
"2017",伊春市,2617900,,,
"2018",伊春市,2759600,,,
"2019",伊春市,2984800,,,
"2020",伊春市,2926500,,,
"2021",伊春市,3260200,,,
"2022",伊春市,3444000,,,
"2012",佳木斯市,6682900,,,
"2013",佳木斯市,7207500,,,
"2014",佳木斯市,7659800,,,
"2015",佳木斯市,6194000,,,
"2016",佳木斯市,6404800,,,
"2017",佳木斯市,7148500,,,
"2018",佳木斯市,7241100,,,
"2019",佳木斯市,7629100,,,
"2020",佳木斯市,8014800,,,
"2021",佳木斯市,8277700,,,
"2022",佳木斯市,8822000,,,
"2012",七台河市,2989100,,,
"2013",七台河市,2286100,,,
"2014",七台河市,2142600,,,
"2015",七台河市,1900900,,,
"2016",七台河市,1935400,,,
"2017",七台河市,2044200,,,
"2018",七台河市,2255400,,,
"2019",七台河市,2191200,,,
"2020",七台河市,2043700,,,
"2021",七台河市,2354800,,,
"2022",七台河市,2683000,,,
"2012",牡丹江市,5852200,,,
"2013",牡丹江市,6482500,,,
"2014",牡丹江市,6934400,,,
"2015",牡丹江市,7185100,,,
"2016",牡丹江市,7461200,,,
"2017",牡丹江市,7899600,,,
"2018",牡丹江市,7839300,,,
"2019",牡丹江市,8264200,,,
"2020",牡丹江市,8268100,,,
"2021",牡丹江市,8686100,,,
"2022",牡丹江市,9203200,,,
"2012",黑河市,3660800,,,
"2013",黑河市,3895200,,,
"2014",黑河市,4213600,,,
"2015",黑河市,4570300,,,
"2016",黑河市,4822900,,,
"2017",黑河市,5042500,,,
"2018",黑河市,5317700,,,
"2019",黑河市,5799500,,,
"2020",黑河市,6127600,,,
"2021",黑河市,6419500,,,
"2022",黑河市,6624000,,,
"2012",绥化市,10635400,,,
"2013",绥化市,11163400,,,
"2014",绥化市,11902500,,,
"2015",绥化市,9875000,,,
"2016",绥化市,10144000,,,
"2017",绥化市,10161800,,,
"2018",绥化市,10307400,,,
"2019",绥化市,11013700,,,
"2020",绥化市,11344400,,,
"2021",绥化市,11799100,,,
"2022",绥化市,12383000,,,
"2012",上海市,213055900,HNH,Shanghai-Nanjing-Hangzhou,core
"2013",上海市,232041200,HNH,Shanghai-Nanjing-Hangzhou,core
"2014",上海市,252697500,HNH,Shanghai-Nanjing-Hangzhou,core
"2015",上海市,268870200,HNH,Shanghai-Nanjing-Hangzhou,core
"2016",上海市,298870200,HNH,Shanghai-Nanjing-Hangzhou,core
"2017",上海市,329250100,HNH,Shanghai-Nanjing-Hangzhou,core
"2018",上海市,360118200,HNH,Shanghai-Nanjing-Hangzhou,core
"2019",上海市,379875500,HNH,Shanghai-Nanjing-Hangzhou,core
"2020",上海市,416038700,HNH,Shanghai-Nanjing-Hangzhou,core
"2021",上海市,470593700,HNH,Shanghai-Nanjing-Hangzhou,core
"2022",上海市,485944700,HNH,Shanghai-Nanjing-Hangzhou,core
"2012",南京市,73065400,HNH,Shanghai-Nanjing-Hangzhou,core
"2013",南京市,81994900,HNH,Shanghai-Nanjing-Hangzhou,core
"2014",南京市,89560500,HNH,Shanghai-Nanjing-Hangzhou,core
"2015",南京市,100157300,HNH,Shanghai-Nanjing-Hangzhou,core
"2016",南京市,108191400,HNH,Shanghai-Nanjing-Hangzhou,core
"2017",南京市,118940000,HNH,Shanghai-Nanjing-Hangzhou,core
"2018",南京市,130091700,HNH,Shanghai-Nanjing-Hangzhou,core
"2019",南京市,140451500,HNH,Shanghai-Nanjing-Hangzhou,core
"2020",南京市,147829500,HNH,Shanghai-Nanjing-Hangzhou,core
"2021",南京市,162901300,HNH,Shanghai-Nanjing-Hangzhou,core
"2022",南京市,167763200,HNH,Shanghai-Nanjing-Hangzhou,core
"2012",无锡市,74463700,HNH,Shanghai-Nanjing-Hangzhou,middle
"2013",无锡市,79198500,HNH,Shanghai-Nanjing-Hangzhou,middle
"2014",无锡市,83589800,HNH,Shanghai-Nanjing-Hangzhou,middle
"2015",无锡市,86813700,HNH,Shanghai-Nanjing-Hangzhou,middle
"2016",无锡市,93401600,HNH,Shanghai-Nanjing-Hangzhou,middle
"2017",无锡市,103130700,HNH,Shanghai-Nanjing-Hangzhou,middle
"2018",无锡市,112029800,HNH,Shanghai-Nanjing-Hangzhou,middle
"2019",无锡市,118033200,HNH,Shanghai-Nanjing-Hangzhou,middle
"2020",无锡市,123404800,HNH,Shanghai-Nanjing-Hangzhou,middle
"2021",无锡市,141229900,HNH,Shanghai-Nanjing-Hangzhou,middle
"2022",无锡市,147505800,HNH,Shanghai-Nanjing-Hangzhou,middle
"2012",徐州市,40293100,,,
"2013",徐州市,45341500,,,
"2014",徐州市,49796500,,,
"2015",徐州市,53367500,,,
"2016",徐州市,58098100,,,
"2017",徐州市,63335000,,,
"2018",徐州市,67103600,,,
"2019",徐州市,70533500,,,
"2020",徐州市,72847700,,,
"2021",徐州市,80074400,,,
"2022",徐州市,84123800,,,
"2012",常州市,40398300,HNH,Shanghai-Nanjing-Hangzhou,middle
"2013",常州市,45275300,HNH,Shanghai-Nanjing-Hangzhou,middle
"2014",常州市,49913700,HNH,Shanghai-Nanjing-Hangzhou,middle
"2015",常州市,52813100,HNH,Shanghai-Nanjing-Hangzhou,middle
"2016",常州市,57523400,HNH,Shanghai-Nanjing-Hangzhou,middle
"2017",常州市,64781600,HNH,Shanghai-Nanjing-Hangzhou,middle
"2018",常州市,68970200,HNH,Shanghai-Nanjing-Hangzhou,middle
"2019",常州市,74058600,HNH,Shanghai-Nanjing-Hangzhou,middle
"2020",常州市,78103200,HNH,Shanghai-Nanjing-Hangzhou,middle
"2021",常州市,90378400,HNH,Shanghai-Nanjing-Hangzhou,middle
"2022",常州市,95521100,HNH,Shanghai-Nanjing-Hangzhou,middle
"2012",苏州市,119657600,HNH,Shanghai-Nanjing-Hangzhou,core
"2013",苏州市,129297800,HNH,Shanghai-Nanjing-Hangzhou,core
"2014",苏州市,137169500,HNH,Shanghai-Nanjing-Hangzhou,core
"2015",苏州市,144686800,HNH,Shanghai-Nanjing-Hangzhou,core
"2016",苏州市,154452600,HNH,Shanghai-Nanjing-Hangzhou,core
"2017",苏州市,169974700,HNH,Shanghai-Nanjing-Hangzhou,core
"2018",苏州市,182634800,HNH,Shanghai-Nanjing-Hangzhou,core
"2019",苏州市,192648000,HNH,Shanghai-Nanjing-Hangzhou,core
"2020",苏州市,201804500,HNH,Shanghai-Nanjing-Hangzhou,core
"2021",苏州市,231682100,HNH,Shanghai-Nanjing-Hangzhou,core
"2022",苏州市,238052900,HNH,Shanghai-Nanjing-Hangzhou,core
"2012",南通市,46303000,,,
"2013",南通市,52354100,,,
"2014",南通市,57486100,,,
"2015",南通市,64982931,,,
"2016",南通市,71516851,,,
"2017",南通市,80340764,,,
"2018",南通市,87532274,,,
"2019",南通市,93693905,,,
"2020",南通市,100183109,,,
"2021",南通市,109469450,,,
"2022",南通市,113090224.7,,,
"2012",连云港市,16187500,,,
"2013",连云港市,18290400,,,
"2014",连云港市,19871900,,,
"2015",连云港市,23050500,,,
"2016",连云港市,25364900,,,
"2017",连云港市,27844800,,,
"2018",连云港市,29230400,,,
"2019",连云港市,31252900,,,
"2020",连云港市,32770700,,,
"2021",连云港市,37881200,,,
"2022",连云港市,40008000,,,
"2012",淮安市,19359300,,,
"2013",淮安市,22349900,,,
"2014",淮安市,24784300,,,
"2015",淮安市,27555800,,,
"2016",淮安市,30908600,,,
"2017",淮安市,33416100,,,
"2018",淮安市,36150200,,,
"2019",淮安市,38402100,,,
"2020",淮安市,40033700,,,
"2021",淮安市,45037300,,,
"2022",淮安市,47424200,,,
"2012",盐城市,30971900,,,
"2013",盐城市,34650300,,,
"2014",盐城市,38075800,,,
"2015",盐城市,41817100,,,
"2016",盐城市,45469000,,,
"2017",盐城市,49901200,,,
"2018",盐城市,53871600,,,
"2019",盐城市,56562600,,,
"2020",盐城市,59183800,,,
"2021",盐城市,66039700,,,
"2022",盐城市,70389900,,,
"2012",扬州市,29745500,,,
"2013",扬州市,33672500,,,
"2014",扬州市,37501300,,,
"2015",扬州市,40999100,,,
"2016",扬州市,45391200,,,
"2017",扬州市,50785800,,,
"2018",扬州市,54787400,,,
"2019",扬州市,57990800,,,
"2020",扬州市,60133300,,,
"2021",扬州市,66405700,,,
"2022",扬州市,70533800,,,
"2012",镇江市,24468400,,,
"2013",镇江市,26590700,,,
"2014",镇江市,28717600,,,
"2015",镇江市,30884700,,,
"2016",镇江市,34357300,,,
"2017",镇江市,37145700,,,
"2018",镇江市,38477900,,,
"2019",镇江市,40773200,,,
"2020",镇江市,41850900,,,
"2021",镇江市,47634200,,,
"2022",镇江市,50020200,,,
"2012",泰州市,25769400,,,
"2013",泰州市,29020400,,,
"2014",泰州市,31930700,,,
"2015",泰州市,34949300,,,
"2016",泰州市,38882900,,,
"2017",泰州市,44245700,,,
"2018",泰州市,47672400,,,
"2019",泰州市,51073600,,,
"2020",泰州市,52977700,,,
"2021",泰州市,60352000,,,
"2022",泰州市,63660600,,,
"2012",宿迁市,15325600,,,
"2013",宿迁市,17634900,,,
"2014",宿迁市,20367000,,,
"2015",宿迁市,22423953.24,,,
"2016",宿迁市,24761760.64,,,
"2017",宿迁市,27218680.18,,,
"2018",宿迁市,28648719,,,
"2019",宿迁市,30842301,,,
"2020",宿迁市,32703700,,,
"2021",宿迁市,38690000,,,
"2022",宿迁市,41177200,,,
"2012",杭州市,79685800,HNH,Shanghai-Nanjing-Hangzhou,core
"2013",杭州市,86399100,HNH,Shanghai-Nanjing-Hangzhou,core
"2014",杭州市,95022100,HNH,Shanghai-Nanjing-Hangzhou,core
"2015",杭州市,104952800,HNH,Shanghai-Nanjing-Hangzhou,core
"2016",杭州市,117094500,HNH,Shanghai-Nanjing-Hangzhou,core
"2017",杭州市,131607200,HNH,Shanghai-Nanjing-Hangzhou,core
"2018",杭州市,143067200,HNH,Shanghai-Nanjing-Hangzhou,core
"2019",杭州市,154188000,HNH,Shanghai-Nanjing-Hangzhou,core
"2020",杭州市,162068200,HNH,Shanghai-Nanjing-Hangzhou,core
"2021",杭州市,182473300,HNH,Shanghai-Nanjing-Hangzhou,core
"2022",杭州市,189553200,HNH,Shanghai-Nanjing-Hangzhou,core
"2012",宁波市,68620200,HNH,Shanghai-Nanjing-Hangzhou,middle
"2013",宁波市,74320900,HNH,Shanghai-Nanjing-Hangzhou,middle
"2014",宁波市,79048100,HNH,Shanghai-Nanjing-Hangzhou,middle
"2015",宁波市,82953500,HNH,Shanghai-Nanjing-Hangzhou,middle
"2016",宁波市,89728300,HNH,Shanghai-Nanjing-Hangzhou,middle
"2017",宁波市,101465500,HNH,Shanghai-Nanjing-Hangzhou,middle
"2018",宁波市,111931400,HNH,Shanghai-Nanjing-Hangzhou,middle
"2019",宁波市,120351100,HNH,Shanghai-Nanjing-Hangzhou,middle
"2020",宁波市,125992200,HNH,Shanghai-Nanjing-Hangzhou,middle
"2021",宁波市,147032000,HNH,Shanghai-Nanjing-Hangzhou,middle
"2022",宁波市,157163400,HNH,Shanghai-Nanjing-Hangzhou,middle
"2012",温州市,37065178,,,
"2013",温州市,40679068,,,
"2014",温州市,43505966,,,
"2015",温州市,46703535,,,
"2016",温州市,51250114,,,
"2017",温州市,54121330,,,
"2018",温州市,60397732,,,
"2019",温州市,66080174,,,
"2020",温州市,68504791,,,
"2021",温州市,76588086,,,
"2022",温州市,80813971,,,
"2012",嘉兴市,29096500,HNH,Shanghai-Nanjing-Hangzhou,middle
"2013",嘉兴市,32343400,HNH,Shanghai-Nanjing-Hangzhou,middle
"2014",嘉兴市,34939700,HNH,Shanghai-Nanjing-Hangzhou,middle
"2015",嘉兴市,36966200,HNH,Shanghai-Nanjing-Hangzhou,middle
"2016",嘉兴市,39790400,HNH,Shanghai-Nanjing-Hangzhou,middle
"2017",嘉兴市,45002600,HNH,Shanghai-Nanjing-Hangzhou,middle
"2018",嘉兴市,50183800,HNH,Shanghai-Nanjing-Hangzhou,middle
"2019",嘉兴市,54235800,HNH,Shanghai-Nanjing-Hangzhou,middle
"2020",嘉兴市,55635800,HNH,Shanghai-Nanjing-Hangzhou,middle
"2021",嘉兴市,63883800,HNH,Shanghai-Nanjing-Hangzhou,middle
"2022",嘉兴市,67493900,HNH,Shanghai-Nanjing-Hangzhou,middle
"2012",湖州市,17481084,,,
"2013",湖州市,19307769,,,
"2014",湖州市,20839466,,,
"2015",湖州市,22230569,,,
"2016",湖州市,23911367,,,
"2017",湖州市,26078618,,,
"2018",湖州市,28812134,,,
"2019",湖州市,31222745,,,
"2020",湖州市,32039027,,,
"2021",湖州市,36459189,,,
"2022",湖州市,38496123,,,
"2012",绍兴市,36775219,HNH,Shanghai-Nanjing-Hangzhou,middle
"2013",绍兴市,40108363,HNH,Shanghai-Nanjing-Hangzhou,middle
"2014",绍兴市,42351578,HNH,Shanghai-Nanjing-Hangzhou,middle
"2015",绍兴市,44246910,HNH,Shanghai-Nanjing-Hangzhou,middle
"2016",绍兴市,46971537,HNH,Shanghai-Nanjing-Hangzhou,middle
"2017",绍兴市,50274840,HNH,Shanghai-Nanjing-Hangzhou,middle
"2018",绍兴市,53827168,HNH,Shanghai-Nanjing-Hangzhou,middle
"2019",绍兴市,57855103,HNH,Shanghai-Nanjing-Hangzhou,middle
"2020",绍兴市,59637551,HNH,Shanghai-Nanjing-Hangzhou,middle
"2021",绍兴市,68034129,HNH,Shanghai-Nanjing-Hangzhou,middle
"2022",绍兴市,73409588,HNH,Shanghai-Nanjing-Hangzhou,middle
"2012",金华市,26898481,,,
"2013",金华市,29809337,,,
"2014",金华市,32151692,,,
"2015",金华市,34810823,,,
"2016",金华市,37052391,,,
"2017",金华市,39621653,,,
"2018",金华市,42438918,,,
"2019",金华市,45694813,,,
"2020",金华市,47058331,,,
"2021",金华市,53987729,,,
"2022",金华市,55920170,,,
"2012",衢州市,9644400,,,
"2013",衢州市,10431600,,,
"2014",衢州市,10958600,,,
"2015",衢州市,11296500,,,
"2016",衢州市,12298800,,,
"2017",衢州市,13194700,,,
"2018",衢州市,14570800,,,
"2019",衢州市,15745700,,,
"2020",衢州市,16272400,,,
"2021",衢州市,18948700,,,
"2022",衢州市,20034400,,,
"2012",舟山市,7559599,,,
"2013",舟山市,8214194,,,
"2014",舟山市,8861026,,,
"2015",舟山市,9308699,,,
"2016",舟山市,10761851,,,
"2017",舟山市,11295646,,,
"2018",舟山市,12472202,,,
"2019",舟山市,13624749,,,
"2020",舟山市,15104919,,,
"2021",舟山市,17810483,,,
"2022",舟山市,19512856,,,
"2012",台州市,29442191.68,,,
"2013",台州市,31926729.83,,,
"2014",台州市,34101619.49,,,
"2015",台州市,35714701.69,,,
"2016",台州市,38748743.98,,,
"2017",台州市,43860411.15,,,
"2018",台州市,48803241.76,,,
"2019",台州市,51021654.61,,,
"2020",台州市,52383940.71,,,
"2021",台州市,57948913.45,,,
"2022",台州市,60204134.81,,,
"2012",丽水市,8442400,,,
"2013",丽水市,9365000,,,
"2014",丽水市,10001200,,,
"2015",丽水市,10386300,,,
"2016",丽水市,11341300,,,
"2017",丽水市,12154200,,,
"2018",丽水市,13542200,,,
"2019",丽水市,14809600,,,
"2020",丽水市,15277500,,,
"2021",丽水市,17247500,,,
"2022",丽水市,18331700,,,
"2012",合肥市,41679800,,,
"2013",合肥市,46960100,,,
"2014",合肥市,52500900,,,
"2015",合肥市,58309500,,,
"2016",合肥市,65442600,,,
"2017",合肥市,73666400,,,
"2018",合肥市,86051300,,,
"2019",合肥市,93702100,,,
"2020",合肥市,100101000,,,
"2021",合肥市,114322000,,,
"2022",合肥市,121096000,,,
"2012",芜湖市,18447600,,,
"2013",芜湖市,20756600,,,
"2014",芜湖市,22987900,,,
"2015",芜湖市,23662400,,,
"2016",芜湖市,26202200,,,
"2017",芜湖市,28804900,,,
"2018",芜湖市,32829600,,,
"2019",芜湖市,35864600,,,
"2020",芜湖市,37141400,,,
"2021",芜湖市,42676400,,,
"2022",芜湖市,44891300,,,
"2012",蚌埠市,9257200,,,
"2013",蚌埠市,10997200,,,
"2014",蚌埠市,12272000,,,
"2015",蚌埠市,13377000,,,
"2016",蚌埠市,15019800,,,
"2017",蚌埠市,16902600,,,
"2018",蚌埠市,19065000,,,
"2019",蚌埠市,20160200,,,
"2020",蚌埠市,20183500,,,
"2021",蚌埠市,19490000,,,
"2022",蚌埠市,20122800,,,
"2012",淮南市,8932635,,,
"2013",淮南市,9415704,,,
"2014",淮南市,9289141,,,
"2015",淮南市,9173638,,,
"2016",淮南市,9794647,,,
"2017",淮南市,10860399,,,
"2018",淮南市,11971029,,,
"2019",淮南市,12832113,,,
"2020",淮南市,13386000,,,
"2021",淮南市,14635000,,,
"2022",淮南市,15670000,,,
"2012",马鞍山市,12105400,,,
"2013",马鞍山市,12730600,,,
"2014",马鞍山市,13308000,,,
"2015",马鞍山市,13661100,,,
"2016",马鞍山市,14489000,,,
"2017",马鞍山市,16715800,,,
"2018",马鞍山市,19237400,,,
"2019",马鞍山市,20856400,,,
"2020",马鞍山市,21260000,,,
"2021",马鞍山市,23977000,,,
"2022",马鞍山市,25086000,,,
"2012",淮北市,6361549,,,
"2013",淮北市,7204341,,,
"2014",淮北市,7702843,,,
"2015",淮北市,7746412,,,
"2016",淮北市,8230914,,,
"2017",淮北市,9429129,,,
"2018",淮北市,10095375,,,
"2019",淮北市,10779411,,,
"2020",淮北市,11190691,,,
"2021",淮北市,12230433,,,
"2022",淮北市,13027902,,,
"2012",铜陵市,6294000,,,
"2013",铜陵市,6754000,,,
"2014",铜陵市,7062000,,,
"2015",铜陵市,7209400,,,
"2016",铜陵市,8523000,,,
"2017",铜陵市,9214000,,,
"2018",铜陵市,9546500,,,
"2019",铜陵市,9505600,,,
"2020",铜陵市,10036700,,,
"2021",铜陵市,11654000,,,
"2022",铜陵市,11750000,,,
"2012",安庆市,13076700,,,
"2013",安庆市,13790900,,,
"2014",安庆市,15178700,,,
"2015",安庆市,15574000,,,
"2016",安庆市,16847400,,,
"2017",安庆市,19021200,,,
"2018",安庆市,21967500,,,
"2019",安庆市,23567200,,,
"2020",安庆市,23814500,,,
"2021",安庆市,26119100,,,
"2022",安庆市,27674600,,,
"2012",黄山市,4256800,,,
"2013",黄山市,4737700,,,
"2014",黄山市,5138500,,,
"2015",黄山市,5401500,,,
"2016",黄山市,5943900,,,
"2017",黄山市,6627100,,,
"2018",黄山市,7389000,,,
"2019",黄山市,8163000,,,
"2020",黄山市,8529000,,,
"2021",黄山市,9752000,,,
"2022",黄山市,10286000,,,
"2012",滁州市,12124500,,,
"2013",滁州市,14188900,,,
"2014",滁州市,15964500,,,
"2015",滁州市,18122800,,,
"2016",滁州市,20359400,,,
"2017",滁州市,22820100,,,
"2018",滁州市,25940700,,,
"2019",滁州市,28887000,,,
"2020",滁州市,29468400,,,
"2021",滁州市,33421100,,,
"2022",滁州市,35649900,,,
"2012",阜阳市,12480512,,,
"2013",阜阳市,14366724,,,
"2014",阜阳市,15845707,,,
"2015",阜阳市,16874525,,,
"2016",阜阳市,18873500,,,
"2017",阜阳市,21285122,,,
"2018",阜阳市,24073388,,,
"2019",阜阳市,26860463,,,
"2020",阜阳市,27244536,,,
"2021",阜阳市,30215048,,,
"2022",阜阳市,31583155,,,
"2012",宿州市,9149500,,,
"2013",宿州市,10252000,,,
"2014",宿州市,11513200,,,
"2015",宿州市,12357700,,,
"2016",宿州市,14048400,,,
"2017",宿州市,15730800,,,
"2018",宿州市,17578200,,,
"2019",宿州市,19530300,,,
"2020",宿州市,19692400,,,
"2021",宿州市,21277200,,,
"2022",宿州市,21726000,,,
"2012",六安市,8603800,,,
"2013",六安市,9445000,,,
"2014",六安市,10194800,,,
"2015",六安市,10534300,,,
"2016",六安市,11907300,,,
"2017",六安市,12968400,,,
"2018",六安市,14484800,,,
"2019",六安市,16168900,,,
"2020",六安市,17056000,,,
"2021",六安市,19594000,,,
"2022",六安市,20694000,,,
"2012",亳州市,8111200,,,
"2013",亳州市,9318000,,,
"2014",亳州市,10178500,,,
"2015",亳州市,10669300,,,
"2016",亳州市,12008600,,,
"2017",亳州市,13515100,,,
"2018",亳州市,15513300,,,
"2019",亳州市,17402600,,,
"2020",亳州市,18891000,,,
"2021",亳州市,20487000,,,
"2022",亳州市,22150000,,,
"2012",池州市,4330300,,,
"2013",池州市,4800700,,,
"2014",池州市,5284400,,,
"2015",池州市,5699400,,,
"2016",池州市,6181700,,,
"2017",池州市,6813300,,,
"2018",池州市,7539300,,,
"2019",池州市,8300700,,,
"2020",池州市,8543000,,,
"2021",池州市,10069000,,,
"2022",池州市,10620000,,,
"2012",宣城市,7954300,,,
"2013",宣城市,8943900,,,
"2014",宣城市,9825100,,,
"2015",宣城市,10078300,,,
"2016",宣城市,11010800,,,
"2017",宣城市,12338400,,,
"2018",宣城市,14188600,,,
"2019",宣城市,15574500,,,
"2020",宣城市,15966000,,,
"2021",宣城市,18012000,,,
"2022",宣城市,18693000,,,
"2012",福州市,43395800,,,
"2013",福州市,48577400,,,
"2014",福州市,53914200,,,
"2015",福州市,57774200,,,
"2016",福州市,64915400,,,
"2017",福州市,75036900,,,
"2018",福州市,85160900,,,
"2019",福州市,94723000,,,
"2020",福州市,100684100,,,
"2021",福州市,118464100,,,
"2022",福州市,124821100,,,
"2012",厦门市,29220900,,,
"2013",厦门市,31425700,,,
"2014",厦门市,34432600,,,
"2015",厦门市,38069400,,,
"2016",厦门市,41181300,,,
"2017",厦门市,46078300,,,
"2018",厦门市,54686100,,,
"2019",厦门市,60150400,,,
"2020",厦门市,64350200,,,
"2021",厦门市,72956700,,,
"2022",厦门市,77580600,,,
"2012",莆田市,12155200,,,
"2013",莆田市,13717200,,,
"2014",莆田市,15415700,,,
"2015",莆田市,16556000,,,
"2016",莆田市,18802800,,,
"2017",莆田市,21298600,,,
"2018",莆田市,23740300,,,
"2019",莆田市,25453900,,,
"2020",莆田市,26339700,,,
"2021",莆田市,29304800,,,
"2022",莆田市,29861000,,,
"2012",三明市,13680100,,,
"2013",三明市,15334700,,,
"2014",三明市,16837600,,,
"2015",三明市,17129900,,,
"2016",三明市,19389800,,,
"2017",三明市,21438300,,,
"2018",三明市,23544000,,,
"2019",三明市,26015600,,,
"2020",三明市,26891900,,,
"2021",三明市,29627200,,,
"2022",三明市,29852100,,,
"2012",泉州市,48139500,,,
"2013",泉州市,53795200,,,
"2014",泉州市,59537100,,,
"2015",泉州市,63208600,,,
"2016",泉州市,69208800,,,
"2017",泉州市,79400200,,,
"2018",泉州市,90192400,,,
"2019",泉州市,99036600,,,
"2020",泉州市,100736600,,,
"2021",泉州市,113305300,,,
"2022",泉州市,121029700,,,
"2012",漳州市,20479500,,,
"2013",漳州市,22990800,,,
"2014",漳州市,25800800,,,
"2015",漳州市,29512500,,,
"2016",漳州市,32312400,,,
"2017",漳州市,37118800,,,
"2018",漳州市,43681500,,,
"2019",漳州市,46868300,,,
"2020",漳州市,45914600,,,
"2021",漳州市,52670100,,,
"2022",漳州市,54927400,,,
"2012",南平市,9992100,,,
"2013",南平市,11246600,,,
"2014",南平市,12488200,,,
"2015",南平市,13394300,,,
"2016",南平市,14874600,,,
"2017",南平市,17047400,,,
"2018",南平市,18179700,,,
"2019",南平市,19915700,,,
"2020",南平市,19574000,,,
"2021",南平市,20959900,,,
"2022",南平市,21547400,,,
"2012",龙岩市,13893300,,,
"2013",龙岩市,15262300,,,
"2014",龙岩市,16814700,,,
"2015",龙岩市,17384300,,,
"2016",龙岩市,19206200,,,
"2017",龙岩市,21650000,,,
"2018",龙岩市,24005300,,,
"2019",龙岩市,26789600,,,
"2020",龙岩市,27520900,,,
"2021",龙岩市,30501200,,,
"2022",龙岩市,31087000,,,
"2012",宁德市,10950800,,,
"2013",宁德市,12688600,,,
"2014",宁德市,14179800,,,
"2015",宁德市,15908500,,,
"2016",宁德市,16703200,,,
"2017",宁德市,19075100,,,
"2018",宁德市,21944300,,,
"2019",宁德市,24517000,,,
"2020",宁德市,25966200,,,
"2021",宁德市,30834100,,,
"2022",宁德市,36807000,,,
"2012",南昌市,28769000,,,
"2013",南昌市,32073500,,,
"2014",南昌市,34984500,,,
"2015",南昌市,37788200,,,
"2016",南昌市,41374900,,,
"2017",南昌市,45476300,,,
"2018",南昌市,51193300,,,
"2019",南昌市,55366600,,,
"2020",南昌市,57833200,,,
"2021",南昌市,67125300,,,
"2022",南昌市,70022000,,,
"2012",景德镇市,6341329,,,
"2013",景德镇市,6908238,,,
"2014",景德镇市,7471970,,,
"2015",景德镇市,7804408,,,
"2016",景德镇市,8495714,,,
"2017",景德镇市,7868971,,,
"2018",景德镇市,8567130,,,
"2019",景德镇市,9216258,,,
"2020",景德镇市,9355700,,,
"2021",景德镇市,10654800,,,
"2022",景德镇市,11196500,,,
"2012",萍乡市,5380500,,,
"2013",萍乡市,5760300,,,
"2014",萍乡市,6070500,,,
"2015",萍乡市,6282400,,,
"2016",萍乡市,6885000,,,
"2017",萍乡市,7560600,,,
"2018",萍乡市,8495300,,,
"2019",萍乡市,9285600,,,
"2020",萍乡市,9575400,,,
"2021",萍乡市,11064700,,,
"2022",萍乡市,11361400,,,
"2012",九江市,15350480,,,
"2013",九江市,17575834,,,
"2014",九江市,19529096,,,
"2015",九江市,21053691,,,
"2016",九江市,23136607,,,
"2017",九江市,25453432,,,
"2018",九江市,28600730,,,
"2019",九江市,31230566,,,
"2020",九江市,32350175,,,
"2021",九江市,37536800,,,
"2022",九江市,38415330,,,
"2012",新余市,6215600,,,
"2013",新余市,6197200,,,
"2014",新余市,6463600,,,
"2015",新余市,6659100,,,
"2016",新余市,7264400,,,
"2017",新余市,7947800,,,
"2018",新余市,8897700,,,
"2019",新余市,9626500,,,
"2020",新余市,10007500,,,
"2021",新余市,11627500,,,
"2022",新余市,12411000,,,
"2012",鹰潭市,4821700,,,
"2013",鹰潭市,5534700,,,
"2014",鹰潭市,6069800,,,
"2015",鹰潭市,6392600,,,
"2016",鹰潭市,7135500,,,
"2017",鹰潭市,8008000,,,
"2018",鹰潭市,8189800,,,
"2019",鹰潭市,9412000,,,
"2020",鹰潭市,9842400,,,
"2021",鹰潭市,11483700,,,
"2022",鹰潭市,12270600,,,
"2012",赣州市,17008559,,,
"2013",赣州市,19170017,,,
"2014",赣州市,21233694,,,
"2015",赣州市,23103228,,,
"2016",赣州市,25412121,,,
"2017",赣州市,28059308,,,
"2018",赣州市,31702758,,,
"2019",赣州市,34660537,,,
"2020",赣州市,36572630,,,
"2021",赣州市,41853703,,,
"2022",赣州市,44138500,,,
"2012",吉安市,10062600,,,
"2013",吉安市,11239000,,,
"2014",吉安市,12421100,,,
"2015",吉安市,13285200,,,
"2016",吉安市,14670300,,,
"2017",吉安市,16334700,,,
"2018",吉安市,17422300,,,
"2019",吉安市,20854100,,,
"2020",吉安市,21688300,,,
"2021",吉安市,25256500,,,
"2022",吉安市,27503300,,,
"2012",宜春市,13800800,,,
"2013",宜春市,15584300,,,
"2014",宜春市,17199000,,,
"2015",宜春市,18485500,,,
"2016",宜春市,20240100,,,
"2017",宜春市,22246400,,,
"2018",宜春市,24859200,,,
"2019",宜春市,26792900,,,
"2020",宜春市,27809900,,,
"2021",宜春市,32065300,,,
"2022",宜春市,34038000,,,
"2012",抚州市,7773900,,,
"2013",抚州市,8837700,,,
"2014",抚州市,9707000,,,
"2015",抚州市,10317200,,,
"2016",抚州市,11275700,,,
"2017",抚州市,12359400,,,
"2018",抚州市,13798300,,,
"2019",抚州市,15127800,,,
"2020",抚州市,15957100,,,
"2021",抚州市,18177400,,,
"2022",抚州市,19555900,,,
"2012",上饶市,12946600,,,
"2013",上饶市,14469100,,,
"2014",上饶市,15976800,,,
"2015",上饶市,17071400,,,
"2016",上饶市,18691700,,,
"2017",上饶市,20506900,,,
"2018",上饶市,23106100,,,
"2019",上饶市,25064300,,,
"2020",上饶市,26903000,,,
"2021",上饶市,31346000,,,
"2022",上饶市,33342000,,,
"2012",济南市,53280000,,,
"2013",济南市,57657600,,,
"2014",济南市,63305100,,,
"2015",济南市,67380100,,,
"2016",济南市,72749400,,,
"2017",济南市,79338700,,,
"2018",济南市,86786400,,,
"2019",济南市,94433700,,,
"2020",济南市,101409100,,,
"2021",济南市,114135100,,,
"2022",济南市,120207300,,,
"2012",青岛市,68696100,,,
"2013",青岛市,75087000,,,
"2014",青岛市,81206600,,,
"2015",青岛市,86585700,,,
"2016",青岛市,92831700,,,
"2017",青岛市,101369600,,,
"2018",青岛市,109493800,,,
"2019",青岛市,117413100,,,
"2020",青岛市,124005600,,,
"2021",青岛市,141364600,,,
"2022",青岛市,149683200,,,
"2012",淄博市,35572100,,,
"2013",淄博市,38012400,,,
"2014",淄博市,40297700,,,
"2015",淄博市,41891800,,,
"2016",淄博市,44757500,,,
"2017",淄博市,47813200,,,
"2018",淄博市,35729800,,,
"2019",淄博市,36424200,,,
"2020",淄博市,36735400,,,
"2021",淄博市,42006200,,,
"2022",淄博市,44025900,,,
"2012",枣庄市,10920900,,,
"2013",枣庄市,11796400,,,
"2014",枣庄市,12824000,,,
"2015",枣庄市,13812700,,,
"2016",枣庄市,14498200,,,
"2017",枣庄市,15604400,,,
"2018",枣庄市,16376300,,,
"2019",枣庄市,16939200,,,
"2020",枣庄市,17117400,,,
"2021",枣庄市,19313200,,,
"2022",枣庄市,20369300,,,
"2012",东营市,20678000,,,
"2013",东营市,22421800,,,
"2014",东营市,23707700,,,
"2015",东营市,23968100,,,
"2016",东营市,24291600,,,
"2017",东营市,26352200,,,
"2018",东营市,27848100,,,
"2019",东营市,29161900,,,
"2020",东营市,29271700,,,
"2021",东营市,34072200,,,
"2022",东营市,36207400,,,
"2012",烟台市,50093400,,,
"2013",烟台市,53384500,,,
"2014",烟台市,57054000,,,
"2015",烟台市,60864900,,,
"2016",烟台市,64558400,,,
"2017",烟台市,67620000,,,
"2018",烟台市,71844300,,,
"2019",烟台市,76534500,,,
"2020",烟台市,77184600,,,
"2021",烟台市,87117500,,,
"2022",烟台市,95090500,,,
"2012",潍坊市,36636500,,,
"2013",潍坊市,40832600,,,
"2014",潍坊市,44292600,,,
"2015",潍坊市,46671500,,,
"2016",潍坊市,50821500,,,
"2017",潍坊市,53003500,,,
"2018",潍坊市,54956300,,,
"2019",潍坊市,56885000,,,
"2020",潍坊市,58915500,,,
"2021",潍坊市,70106000,,,
"2022",潍坊市,72999600,,,
"2012",济宁市,27898300,,,
"2013",济宁市,30405100,,,
"2014",济宁市,33015200,,,
"2015",济宁市,36581000,,,
"2016",济宁市,38819100,,,
"2017",济宁市,41424300,,,
"2018",济宁市,43368300,,,
"2019",济宁市,43701700,,,
"2020",济宁市,44339500,,,
"2021",济宁市,50424400,,,
"2022",济宁市,53059400,,,
"2012",泰安市,15924800,,,
"2013",泰安市,17403600,,,
"2014",泰安市,18831000,,,
"2015",泰安市,20178200,,,
"2016",泰安市,21708300,,,
"2017",泰安市,23344200,,,
"2018",泰安市,24038600,,,
"2019",泰安市,26635900,,,
"2020",泰安市,27664600,,,
"2021",泰安市,29966600,,,
"2022",泰安市,31956400,,,
"2012",威海市,18919600,,,
"2013",威海市,20410800,,,
"2014",威海市,22441300,,,
"2015",威海市,24078000,,,
"2016",威海市,26066400,,,
"2017",威海市,27950100,,,
"2018",威海市,28990900,,,
"2019",威海市,29637300,,,
"2020",威海市,29839100,,,
"2021",威海市,33597500,,,
"2022",威海市,34065900,,,
"2012",日照市,11711900,,,
"2013",日照市,12883000,,,
"2014",日照市,13862200,,,
"2015",日照市,13962600,,,
"2016",日照市,15119100,,,
"2017",日照市,16770600,,,
"2018",日照市,17900300,,,
"2019",日照市,19493800,,,
"2020",日照市,19962400,,,
"2021",日照市,22119600,,,
"2022",日照市,23007200,,,
"2012",临沂市,28709000,,,
"2013",临沂市,31756000,,,
"2014",临沂市,33881000,,,
"2015",临沂市,35994000,,,
"2016",临沂市,38105000,,,
"2017",临沂市,40620000,,,
"2018",临沂市,43678000,,,
"2019",临沂市,46002500,,,
"2020",临沂市,48052500,,,
"2021",临沂市,55181000,,,
"2022",临沂市,57758000,,,
"2012",德州市,19747400,,,
"2013",德州市,21819100,,,
"2014",德州市,23045600,,,
"2015",德州市,24383000,,,
"2016",德州市,26011600,,,
"2017",德州市,27367300,,,
"2018",德州市,28938100,,,
"2019",德州市,30222800,,,
"2020",德州市,30789900,,,
"2021",德州市,34887200,,,
"2022",德州市,36330700,,,
"2012",聊城市,15096700,,,
"2013",聊城市,16604100,,,
"2014",聊城市,17873900,,,
"2015",聊城市,18790200,,,
"2016",聊城市,19455900,,,
"2017",聊城市,20602500,,,
"2018",聊城市,21633400,,,
"2019",聊城市,22598200,,,
"2020",聊城市,23371100,,,
"2021",聊城市,26425200,,,
"2022",聊城市,28050300,,,
"2012",滨州市,15890100,,,
"2013",滨州市,17718400,,,
"2014",滨州市,19617000,,,
"2015",滨州市,21470000,,,
"2016",滨州市,21885700,,,
"2017",滨州市,22892900,,,
"2018",滨州市,23325600,,,
"2019",滨州市,24571900,,,
"2020",滨州市,25378500,,,
"2021",滨州市,28721100,,,
"2022",滨州市,29751500,,,
"2012",菏泽市,17873600,,,
"2013",菏泽市,20500100,,,
"2014",菏泽市,22221900,,,
"2015",菏泽市,24009600,,,
"2016",菏泽市,25892400,,,
"2017",菏泽市,28258100,,,
"2018",菏泽市,30787800,,,
"2019",菏泽市,34099800,,,
"2020",菏泽市,34831100,,,
"2021",菏泽市,39766700,,,
"2022",菏泽市,42453500,,,
"2012",郑州市,55497869,KG,Beijing-Guangzhou,core
"2013",郑州市,62018473,KG,Beijing-Guangzhou,core
"2014",郑州市,67769890,KG,Beijing-Guangzhou,core
"2015",郑州市,73454000,KG,Beijing-Guangzhou,core
"2016",郑州市,81309097,KG,Beijing-Guangzhou,core
"2017",郑州市,93017180.26,KG,Beijing-Guangzhou,core
"2018",郑州市,106701400,KG,Beijing-Guangzhou,core
"2019",郑州市,115864172.9,KG,Beijing-Guangzhou,core
"2020",郑州市,118503478,KG,Beijing-Guangzhou,core
"2021",郑州市,125379765,KG,Beijing-Guangzhou,core
"2022",郑州市,127358091,KG,Beijing-Guangzhou,core
"2012",开封市,12180300,,,
"2013",开封市,13671500,,,
"2014",开封市,15150800,,,
"2015",开封市,16624500,,,
"2016",开封市,17964100,,,
"2017",开封市,19727900,,,
"2018",开封市,21577000,,,
"2019",开封市,22997100,,,
"2020",开封市,23477700,,,
"2021",开封市,25057400,,,
"2022",开封市,26571100,,,
"2012",洛阳市,28992800,,,
"2013",洛阳市,30287100,,,
"2014",洛阳市,31960500,,,
"2015",洛阳市,34050300,,,
"2016",洛阳市,36936800,,,
"2017",洛阳市,41546000,,,
"2018",洛阳市,46134900,,,
"2019",洛阳市,50005600,,,
"2020",洛阳市,50819000,,,
"2021",洛阳市,53841500,,,
"2022",洛阳市,56751900,,,
"2012",平顶山市,14476000,,,
"2013",平顶山市,15007100,,,
"2014",平顶山市,15902700,,,
"2015",平顶山市,16552300,,,
"2016",平顶山市,17810000,,,
"2017",平顶山市,19627000,,,
"2018",平顶山市,21708600,,,
"2019",平顶山市,23652300,,,
"2020",平顶山市,24182400,,,
"2021",平顶山市,26303100,,,
"2022",平顶山市,28393300,,,
"2012",安阳市,13850600,KG,Beijing-Guangzhou,middle
"2013",安阳市,14745000,KG,Beijing-Guangzhou,middle
"2014",安阳市,15758200,KG,Beijing-Guangzhou,middle
"2015",安阳市,16579400,KG,Beijing-Guangzhou,middle
"2016",安阳市,17731000,KG,Beijing-Guangzhou,middle
"2017",安阳市,19671600,KG,Beijing-Guangzhou,middle
"2018",安阳市,21418700,KG,Beijing-Guangzhou,middle
"2019",安阳市,21930400,KG,Beijing-Guangzhou,middle
"2020",安阳市,22754800,KG,Beijing-Guangzhou,middle
"2021",安阳市,24013900,KG,Beijing-Guangzhou,middle
"2022",安阳市,24503700,KG,Beijing-Guangzhou,middle
"2012",鹤壁市,5447400,KG,Beijing-Guangzhou,middle
"2013",鹤壁市,6221200,KG,Beijing-Guangzhou,middle
"2014",鹤壁市,6822000,KG,Beijing-Guangzhou,middle
"2015",鹤壁市,7337500,KG,Beijing-Guangzhou,middle
"2016",鹤壁市,7927900,KG,Beijing-Guangzhou,middle
"2017",鹤壁市,8600000,KG,Beijing-Guangzhou,middle
"2018",鹤壁市,9211700,KG,Beijing-Guangzhou,middle
"2019",鹤壁市,9668500,KG,Beijing-Guangzhou,middle
"2020",鹤壁市,9719600,KG,Beijing-Guangzhou,middle
"2021",鹤壁市,10228100,KG,Beijing-Guangzhou,middle
"2022",鹤壁市,10253300,KG,Beijing-Guangzhou,middle
"2012",新乡市,16050800,KG,Beijing-Guangzhou,middle
"2013",新乡市,17407900,KG,Beijing-Guangzhou,middle
"2014",新乡市,19092800,KG,Beijing-Guangzhou,middle
"2015",新乡市,20071400,KG,Beijing-Guangzhou,middle
"2016",新乡市,21837700,KG,Beijing-Guangzhou,middle
"2017",新乡市,24072600,KG,Beijing-Guangzhou,middle
"2018",新乡市,26716000,KG,Beijing-Guangzhou,middle
"2019",新乡市,29039100,KG,Beijing-Guangzhou,middle
"2020",新乡市,29677400,KG,Beijing-Guangzhou,middle
"2021",新乡市,31845700,KG,Beijing-Guangzhou,middle
"2022",新乡市,33626000,KG,Beijing-Guangzhou,middle
"2012",焦作市,15410568,,,
"2013",焦作市,17031613,,,
"2014",焦作市,18511677,,,
"2015",焦作市,19604234,,,
"2016",焦作市,21264616,,,
"2017",焦作市,23226676,,,
"2018",焦作市,25017568,,,
"2019",焦作市,26157400,,,
"2020",焦作市,20252601,,,
"2021",焦作市,21077935,,,
"2022",焦作市,22347754,,,
"2012",濮阳市,8267000,,,
"2013",濮阳市,9245800,,,
"2014",濮阳市,10253700,,,
"2015",濮阳市,11148800,,,
"2016",濮阳市,12116000,,,
"2017",濮阳市,13297400,,,
"2018",濮阳市,14426500,,,
"2019",濮阳市,15786600,,,
"2020",濮阳市,16205100,,,
"2021",濮阳市,17632500,,,
"2022",濮阳市,18505100,,,
"2012",许昌市,17161900,KG,Beijing-Guangzhou,middle
"2013",许昌市,19033100,KG,Beijing-Guangzhou,middle
"2014",许昌市,20872300,KG,Beijing-Guangzhou,middle
"2015",许昌市,21711600,KG,Beijing-Guangzhou,middle
"2016",许昌市,23777100,KG,Beijing-Guangzhou,middle
"2017",许昌市,26329200,KG,Beijing-Guangzhou,middle
"2018",许昌市,31409300,KG,Beijing-Guangzhou,middle
"2019",许昌市,33735000,KG,Beijing-Guangzhou,middle
"2020",许昌市,33893700,KG,Beijing-Guangzhou,middle
"2021",许昌市,35958500,KG,Beijing-Guangzhou,middle
"2022",许昌市,32678600,KG,Beijing-Guangzhou,middle
"2012",漯河市,7971200,,,
"2013",漯河市,8615400,,,
"2014",漯河市,9411600,,,
"2015",漯河市,9925900,,,
"2016",漯河市,10819300,,,
"2017",漯河市,11650400,,,
"2018",漯河市,14359000,,,
"2019",漯河市,15497700,,,
"2020",漯河市,15542600,,,
"2021",漯河市,16968100,,,
"2022",漯河市,17136100,,,
"2012",三门峡市,9500800,,,
"2013",三门峡市,10046400,,,
"2014",三门峡市,10408900,,,
"2015",三门峡市,10543700,,,
"2016",三门峡市,11113200,,,
"2017",三门峡市,12143200,,,
"2018",三门峡市,13190100,,,
"2019",三门峡市,14066100,,,
"2020",三门峡市,14302500,,,
"2021",三门峡市,15490700,,,
"2022",三门峡市,16763700,,,
"2012",南阳市,22330556,,,
"2013",南阳市,23790616,,,
"2014",南阳市,25605742,,,
"2015",南阳市,27676021,,,
"2016",南阳市,29825849,,,
"2017",南阳市,31991605,,,
"2018",南阳市,35005567,,,
"2019",南阳市,37949904,,,
"2020",南阳市,38883893.72,,,
"2021",南阳市,42796524,,,
"2022",南阳市,45554022,,,
"2012",商丘市,15038675,,,
"2013",商丘市,16498116,,,
"2014",商丘市,17799881,,,
"2015",商丘市,19181242,,,
"2016",商丘市,21040319,,,
"2017",商丘市,23664918,,,
"2018",商丘市,26595200,,,
"2019",商丘市,28820900,,,
"2020",商丘市,28865882,,,
"2021",商丘市,30409509,,,
"2022",商丘市,30552922,,,
"2012",信阳市,13925700,KG,Beijing-Guangzhou,middle
"2013",信阳市,15724600,KG,Beijing-Guangzhou,middle
"2014",信阳市,17666300,KG,Beijing-Guangzhou,middle
"2015",信阳市,19242200,KG,Beijing-Guangzhou,middle
"2016",信阳市,20835700,KG,Beijing-Guangzhou,middle
"2017",信阳市,22824100,KG,Beijing-Guangzhou,middle
"2018",信阳市,25344700,KG,Beijing-Guangzhou,middle
"2019",信阳市,27209600,KG,Beijing-Guangzhou,middle
"2020",信阳市,27698200,KG,Beijing-Guangzhou,middle
"2021",信阳市,30649600,KG,Beijing-Guangzhou,middle
"2022",信阳市,31962300,KG,Beijing-Guangzhou,middle
"2012",周口市,16055800,,,
"2013",周口市,18184000,,,
"2014",周口市,20510600,,,
"2015",周口市,21707600,,,
"2016",周口市,23468300,,,
"2017",周口市,26034800,,,
"2018",周口市,29395900,,,
"2019",周口市,31665100,,,
"2020",周口市,32218000,,,
"2021",周口市,34560800,,,
"2022",周口市,36169900,,,
"2012",驻马店市,13575200,KG,Beijing-Guangzhou,middle
"2013",驻马店市,15189200,KG,Beijing-Guangzhou,middle
"2014",驻马店市,16858300,KG,Beijing-Guangzhou,middle
"2015",驻马店市,18103700,KG,Beijing-Guangzhou,middle
"2016",驻马店市,19646100,KG,Beijing-Guangzhou,middle
"2017",驻马店市,22048600,KG,Beijing-Guangzhou,middle
"2018",驻马店市,24852600,KG,Beijing-Guangzhou,middle
"2019",驻马店市,27155600,KG,Beijing-Guangzhou,middle
"2020",驻马店市,28428100,KG,Beijing-Guangzhou,middle
"2021",驻马店市,30828200,KG,Beijing-Guangzhou,middle
"2022",驻马店市,32573600,KG,Beijing-Guangzhou,middle
"2012",武汉市,77525200,KG,Beijing-Guangzhou,core
"2013",武汉市,87476400,KG,Beijing-Guangzhou,core
"2014",武汉市,100259300,KG,Beijing-Guangzhou,core
"2015",武汉市,105476700,KG,Beijing-Guangzhou,core
"2016",武汉市,115314200,KG,Beijing-Guangzhou,core
"2017",武汉市,130908100,KG,Beijing-Guangzhou,core
"2018",武汉市,149287200,KG,Beijing-Guangzhou,core
"2019",武汉市,162232100,KG,Beijing-Guangzhou,core
"2020",武汉市,155215600,KG,Beijing-Guangzhou,core
"2021",武汉市,177461800,KG,Beijing-Guangzhou,core
"2022",武汉市,190248600,KG,Beijing-Guangzhou,core
"2012",黄石市,10065900,,,
"2013",黄石市,11008600,,,
"2014",黄石市,11720700,,,
"2015",黄石市,11840400,,,
"2016",黄石市,12599600,,,
"2017",黄石市,14298600,,,
"2018",黄石市,16109700,,,
"2019",黄石市,17671900,,,
"2020",黄石市,15978400,,,
"2021",黄石市,18738600,,,
"2022",黄石市,19648800,,,
"2012",十堰市,9547800,,,
"2013",十堰市,10843700,,,
"2014",十堰市,12093100,,,
"2015",十堰市,13203538,,,
"2016",十堰市,14524850,,,
"2017",十堰市,16667255,,,
"2018",十堰市,18635760,,,
"2019",十堰市,20127219.45,,,
"2020",十堰市,18911851,,,
"2021",十堰市,21522165,,,
"2022",十堰市,23046774,,,
"2012",宜昌市,25088900,,,
"2013",宜昌市,28180700,,,
"2014",宜昌市,28462300,,,
"2015",宜昌市,30728200,,,
"2016",宜昌市,33836000,,,
"2017",宜昌市,35373100,,,
"2018",宜昌市,40392900,,,
"2019",宜昌市,44608200,,,
"2020",宜昌市,42614200,,,
"2021",宜昌市,50448700,,,
"2022",宜昌市,54061500,,,
"2012",襄阳市,25019600,,,
"2013",襄阳市,28140200,,,
"2014",襄阳市,29694900,,,
"2015",襄阳市,32155600,,,
"2016",襄阳市,35203700,,,
"2017",襄阳市,38869200,,,
"2018",襄阳市,44009600,,,
"2019",襄阳市,48128400,,,
"2020",襄阳市,45257400,,,
"2021",襄阳市,53584300,,,
"2022",襄阳市,58278100,,,
"2012",鄂州市,5658800,,,
"2013",鄂州市,6427000,,,
"2014",鄂州市,7014200,,,
"2015",鄂州市,7540500,,,
"2016",鄂州市,8254200,,,
"2017",鄂州市,9395600,,,
"2018",鄂州市,10451100,,,
"2019",鄂州市,11400700,,,
"2020",鄂州市,9865500,,,
"2021",鄂州市,11642000,,,
"2022",鄂州市,12645500,,,
"2012",荆门市,10764700,,,
"2013",荆门市,11920500,,,
"2014",荆门市,12972700,,,
"2015",荆门市,13755200,,,
"2016",荆门市,15120600,,,
"2017",荆门市,16574800,,,
"2018",荆门市,18791700,,,
"2019",荆门市,20337700,,,
"2020",荆门市,18763000,,,
"2021",荆门市,21310600,,,
"2022",荆门市,21360300,,,
"2012",孝感市,11510300,,,
"2013",孝感市,12980800,,,
"2014",孝感市,14294100,,,
"2015",孝感市,15518900,,,
"2016",孝感市,16815600,,,
"2017",孝感市,18639700,,,
"2018",孝感市,21037300,,,
"2019",孝感市,23014000,,,
"2020",孝感市,21834000,,,
"2021",孝感市,26363700,,,
"2022",孝感市,28568000,,,
"2012",荆州市,12508300,,,
"2013",荆州市,14054800,,,
"2014",荆州市,15717500,,,
"2015",荆州市,17058500,,,
"2016",荆州市,18442100,,,
"2017",荆州市,20801300,,,
"2018",荆州市,23106000,,,
"2019",荆州市,25164800,,,
"2020",荆州市,23610000,,,
"2021",荆州市,27339300,,,
"2022",荆州市,29729400,,,
"2012",黄冈市,11818200,,,
"2013",黄冈市,13225200,,,
"2014",黄冈市,14682700,,,
"2015",黄冈市,15855700,,,
"2016",黄冈市,17306000,,,
"2017",黄冈市,19396200,,,
"2018",黄冈市,21697000,,,
"2019",黄冈市,23227300,,,
"2020",黄冈市,21424800,,,
"2021",黄冈市,25431700,,,
"2022",黄冈市,27125700,,,
"2012",咸宁市,7804300,,,
"2013",咸宁市,8852000,,,
"2014",咸宁市,9808600,,,
"2015",咸宁市,10552900,,,
"2016",咸宁市,11418900,,,
"2017",咸宁市,12872400,,,
"2018",咸宁市,14542100,,,
"2019",咸宁市,15949800,,,
"2020",咸宁市,14832400,,,
"2021",咸宁市,17080300,,,
"2022",咸宁市,17774600,,,
"2012",随州市,5905200,,,
"2013",随州市,6619400,,,
"2014",随州市,7234500,,,
"2015",随州市,7858600,,,
"2016",随州市,8553700,,,
"2017",随州市,9424300,,,
"2018",随州市,10860200,,,
"2019",随州市,11597200,,,
"2020",随州市,10808400,,,
"2021",随州市,12478900,,,
"2022",随州市,12819100,,,
"2012",长沙市,61979451,KG,Beijing-Guangzhou,core
"2013",长沙市,69022679,KG,Beijing-Guangzhou,core
"2014",长沙市,75346767,KG,Beijing-Guangzhou,core
"2015",长沙市,85025984,KG,Beijing-Guangzhou,core
"2016",长沙市,91664027,KG,Beijing-Guangzhou,core
"2017",长沙市,100501981,KG,Beijing-Guangzhou,core
"2018",长沙市,104056317,KG,Beijing-Guangzhou,core
"2019",长沙市,115527308,KG,Beijing-Guangzhou,core
"2020",长沙市,121425166,KG,Beijing-Guangzhou,core
"2021",长沙市,132707012,KG,Beijing-Guangzhou,core
"2022",长沙市,139661128,KG,Beijing-Guangzhou,core
"2012",株洲市,17613200,,,
"2013",株洲市,19494300,,,
"2014",株洲市,21610100,,,
"2015",株洲市,23351100,,,
"2016",株洲市,24884500,,,
"2017",株洲市,25300100,,,
"2018",株洲市,26315400,,,
"2019",株洲市,30031300,,,
"2020",株洲市,30120000,,,
"2021",株洲市,33516000,,,
"2022",株洲市,34838000,,,
"2012",湘潭市,12389800,KG,Beijing-Guangzhou,middle
"2013",湘潭市,13897400,KG,Beijing-Guangzhou,middle
"2014",湘潭市,15034900,KG,Beijing-Guangzhou,middle
"2015",湘潭市,16330700,KG,Beijing-Guangzhou,middle
"2016",湘潭市,17620200,KG,Beijing-Guangzhou,middle
"2017",湘潭市,19304300,KG,Beijing-Guangzhou,middle
"2018",湘潭市,20825200,KG,Beijing-Guangzhou,middle
"2019",湘潭市,22558500,KG,Beijing-Guangzhou,middle
"2020",湘潭市,22865100,KG,Beijing-Guangzhou,middle
"2021",湘潭市,25182300,KG,Beijing-Guangzhou,middle
"2022",湘潭市,26340500,KG,Beijing-Guangzhou,middle
"2012",衡阳市,19577000,KG,Beijing-Guangzhou,middle
"2013",衡阳市,21694400,KG,Beijing-Guangzhou,middle
"2014",衡阳市,23965500,KG,Beijing-Guangzhou,middle
"2015",衡阳市,26143900,KG,Beijing-Guangzhou,middle
"2016",衡阳市,27633100,KG,Beijing-Guangzhou,middle
"2017",衡阳市,29215200,KG,Beijing-Guangzhou,middle
"2018",衡阳市,30942000,KG,Beijing-Guangzhou,middle
"2019",衡阳市,33726800,KG,Beijing-Guangzhou,middle
"2020",衡阳市,35085000,KG,Beijing-Guangzhou,middle
"2021",衡阳市,38403100,KG,Beijing-Guangzhou,middle
"2022",衡阳市,40896900,KG,Beijing-Guangzhou,middle
"2012",邵阳市,10284100,,,
"2013",邵阳市,11300400,,,
"2014",邵阳市,12616100,,,
"2015",邵阳市,13870000,,,
"2016",邵阳市,15302600,,,
"2017",邵阳市,16275300,,,
"2018",邵阳市,17826500,,,
"2019",邵阳市,21524800,,,
"2020",邵阳市,22508100,,,
"2021",邵阳市,24421500,,,
"2022",邵阳市,25991800,,,
"2012",岳阳市,18379200,KG,Beijing-Guangzhou,middle
"2013",岳阳市,20772600,KG,Beijing-Guangzhou,middle
"2014",岳阳市,22634500,KG,Beijing-Guangzhou,middle
"2015",岳阳市,25871000,KG,Beijing-Guangzhou,middle
"2016",岳阳市,28071500,KG,Beijing-Guangzhou,middle
"2017",岳阳市,31736700,KG,Beijing-Guangzhou,middle
"2018",岳阳市,34747600,KG,Beijing-Guangzhou,middle
"2019",岳阳市,37781000,KG,Beijing-Guangzhou,middle
"2020",岳阳市,39771600,KG,Beijing-Guangzhou,middle
"2021",岳阳市,43509600,KG,Beijing-Guangzhou,middle
"2022",岳阳市,46402800,KG,Beijing-Guangzhou,middle
"2012",常德市,20385000,,,
"2013",常德市,22649400,,,
"2014",常德市,25141500,,,
"2015",常德市,27090200,,,
"2016",常德市,29538200,,,
"2017",常德市,30998500,,,
"2018",常德市,33942000,,,
"2019",常德市,36242000,,,
"2020",常德市,37491300,,,
"2021",常德市,40541500,,,
"2022",常德市,42745200,,,
"2012",张家界市,3389900,,,
"2013",张家界市,3656500,,,
"2014",张家界市,4100200,,,
"2015",张家界市,4477000,,,
"2016",张家界市,4931000,,,
"2017",张家界市,5382400,,,
"2018",张家界市,5789200,,,
"2019",张家界市,5521000,,,
"2020",张家界市,5566800,,,
"2021",张家界市,5802900,,,
"2022",张家界市,5923900,,,
"2012",益阳市,9945400,,,
"2013",益阳市,10840900,,,
"2014",益阳市,11947600,,,
"2015",益阳市,12802400,,,
"2016",益阳市,13809700,,,
"2017",益阳市,15226200,,,
"2018",益阳市,16504500,,,
"2019",益阳市,17829900,,,
"2020",益阳市,18411900,,,
"2021",益阳市,20011100,,,
"2022",益阳市,21080200,,,
"2012",郴州市,14014100,KG,Beijing-Guangzhou,middle
"2013",郴州市,15449000,KG,Beijing-Guangzhou,middle
"2014",郴州市,17013000,KG,Beijing-Guangzhou,middle
"2015",郴州市,18438600,KG,Beijing-Guangzhou,middle
"2016",郴州市,19982700,KG,Beijing-Guangzhou,middle
"2017",郴州市,20184700,KG,Beijing-Guangzhou,middle
"2018",郴州市,22089300,KG,Beijing-Guangzhou,middle
"2019",郴州市,24002600,KG,Beijing-Guangzhou,middle
"2020",郴州市,24820100,KG,Beijing-Guangzhou,middle
"2021",郴州市,27488700,KG,Beijing-Guangzhou,middle
"2022",郴州市,29804900,KG,Beijing-Guangzhou,middle
"2012",永州市,10596000,,,
"2013",永州市,11754500,,,
"2014",永州市,13014500,,,
"2015",永州市,14181800,,,
"2016",永州市,15713300,,,
"2017",永州市,16526500,,,
"2018",永州市,18056500,,,
"2019",永州市,20043100,,,
"2020",永州市,21015500,,,
"2021",永州市,22555500,,,
"2022",永州市,24189000,,,
"2012",怀化市,9934200,,,
"2013",怀化市,11070100,,,
"2014",怀化市,11677300,,,
"2015",怀化市,12562800,,,
"2016",怀化市,13475400,,,
"2017",怀化市,13773100,,,
"2018",怀化市,14845400,,,
"2019",怀化市,16077800,,,
"2020",怀化市,16637300,,,
"2021",怀化市,18178000,,,
"2022",怀化市,18776400,,,
"2012",娄底市,9877400,,,
"2013",娄底市,10985900,,,
"2014",娄底市,11587900,,,
"2015",娄底市,12564100,,,
"2016",娄底市,13487100,,,
"2017",娄底市,13940700,,,
"2018",娄底市,14950900,,,
"2019",娄底市,16256400,,,
"2020",娄底市,16716100,,,
"2021",娄底市,18105800,,,
"2022",娄底市,19295000,,,
"2012",广州市,131946900,GS,Guangzhou-Shenzhen,core
"2013",广州市,150504000,GS,Guangzhou-Shenzhen,core
"2014",广州市,161359500,GS,Guangzhou-Shenzhen,core
"2015",广州市,173473700,GS,Guangzhou-Shenzhen,core
"2016",广州市,185597300,GS,Guangzhou-Shenzhen,core
"2017",广州市,198716700,GS,Guangzhou-Shenzhen,core
"2018",广州市,210024400,GS,Guangzhou-Shenzhen,core
"2019",广州市,238446900,GS,Guangzhou-Shenzhen,core
"2020",广州市,250687500,GS,Guangzhou-Shenzhen,core
"2021",广州市,282252100,GS,Guangzhou-Shenzhen,core
"2022",广州市,288330600,GS,Guangzhou-Shenzhen,core
"2012",韶关市,8185500,KG,Beijing-Guangzhou,core
"2013",韶关市,8984100,KG,Beijing-Guangzhou,core
"2014",韶关市,9619000,KG,Beijing-Guangzhou,core
"2015",韶关市,9878600,KG,Beijing-Guangzhou,core
"2016",韶关市,10406900,KG,Beijing-Guangzhou,core
"2017",韶关市,11336200,KG,Beijing-Guangzhou,core
"2018",韶关市,12174800,KG,Beijing-Guangzhou,core
"2019",韶关市,13163500,KG,Beijing-Guangzhou,core
"2020",韶关市,13751600,KG,Beijing-Guangzhou,core
"2021",韶关市,15500600,KG,Beijing-Guangzhou,core
"2022",韶关市,15634700,KG,Beijing-Guangzhou,core
"2012",深圳市,134962700,GS,Guangzhou-Shenzhen,core
"2013",深圳市,152342400,GS,Guangzhou-Shenzhen,core
"2014",深圳市,167953500,GS,Guangzhou-Shenzhen,core
"2015",深圳市,184368400,GS,Guangzhou-Shenzhen,core
"2016",深圳市,206857400,GS,Guangzhou-Shenzhen,core
"2017",深圳市,232802700,GS,Guangzhou-Shenzhen,core
"2018",深圳市,252660800,GS,Guangzhou-Shenzhen,core
"2019",深圳市,269923300,GS,Guangzhou-Shenzhen,core
"2020",深圳市,277590200,GS,Guangzhou-Shenzhen,core
"2021",深圳市,308201000,GS,Guangzhou-Shenzhen,core
"2022",深圳市,324807100,GS,Guangzhou-Shenzhen,core
"2012",珠海市,15836600,,,
"2013",珠海市,17808700,,,
"2014",珠海市,20088600,,,
"2015",珠海市,22165400,,,
"2016",珠海市,24526100,,,
"2017",珠海市,29438300,,,
"2018",珠海市,32167800,,,
"2019",珠海市,34442300,,,
"2020",珠海市,35182600,,,
"2021",珠海市,38960400,,,
"2022",珠海市,40701800,,,
"2012",汕头市,14229800,,,
"2013",汕头市,15695800,,,
"2014",汕头市,17105700,,,
"2015",汕头市,18695300,,,
"2016",汕头市,20974800,,,
"2017",汕头市,23681600,,,
"2018",汕头市,25030800,,,
"2019",汕头市,26872800,,,
"2020",汕头市,27047400,,,
"2021",汕头市,29495800,,,
"2022",汕头市,30346600,,,
"2012",佛山市,66429464.08,,,
"2013",佛山市,70642967.82,,,
"2014",佛山市,75099636.69,,,
"2015",佛山市,81075978.43,,,
"2016",佛山市,87563093.79,,,
"2017",佛山市,93821575.62,,,
"2018",佛山市,99767166,,,
"2019",佛山市,107397598.7,,,
"2020",佛山市,107585000.7,,,
"2021",佛山市,121857472.9,,,
"2022",佛山市,126950038.6,,,
"2012",江门市,18929800,,,
"2013",江门市,20209700,,,
"2014",江门市,20992900,,,
"2015",江门市,22742600,,,
"2016",江门市,24809400,,,
"2017",江门市,27458900,,,
"2018",江门市,30012400,,,
"2019",江门市,31502200,,,
"2020",江门市,32029700,,,
"2021",江门市,35980400,,,
"2022",江门市,37744200,,,
"2012",湛江市,18457000,,,
"2013",湛江市,20318000,,,
"2014",湛江市,22018800,,,
"2015",湛江市,23194900,,,
"2016",湛江市,24872500,,,
"2017",湛江市,27449800,,,
"2018",湛江市,29444800,,,
"2019",湛江市,30559000,,,
"2020",湛江市,31033200,,,
"2021",湛江市,35654600,,,
"2022",湛江市,37108200,,,
"2012",茂名市,19316900,,,
"2013",茂名市,21869300,,,
"2014",茂名市,23753800,,,
"2015",茂名市,24397300,,,
"2016",茂名市,26189100,,,
"2017",茂名市,28810700,,,
"2018",茂名市,30951100,,,
"2019",茂名市,32481100,,,
"2020",茂名市,32854400,,,
"2021",茂名市,36959000,,,
"2022",茂名市,39027900,,,
"2012",肇庆市,12796400,,,
"2013",肇庆市,14370400,,,
"2014",肇庆市,15805000,,,
"2015",肇庆市,16918500,,,
"2016",肇庆市,18106700,,,
"2017",肇庆市,19649700,,,
"2018",肇庆市,21022900,,,
"2019",肇庆市,22506700,,,
"2020",肇庆市,23132400,,,
"2021",肇庆市,26458100,,,
"2022",肇庆市,27215700,,,
"2012",惠州市,23524600,,,
"2013",惠州市,26745000,,,
"2014",惠州市,29591100,,,
"2015",惠州市,30902200,,,
"2016",惠州市,33595200,,,
"2017",惠州市,37457500,,,
"2018",惠州市,40033300,,,
"2019",惠州市,41929300,,,
"2020",惠州市,42837200,,,
"2021",惠州市,50330600,,,
"2022",惠州市,54002700,,,
"2012",梅州市,7376000,,,
"2013",梅州市,7908200,,,
"2014",梅州市,8707300,,,
"2015",梅州市,9435800,,,
"2016",梅州市,10297400,,,
"2017",梅州市,10865900,,,
"2018",梅州市,11272400,,,
"2019",梅州市,11870800,,,
"2020",梅州市,12272700,,,
"2021",梅州市,13093900,,,
"2022",梅州市,13257800,,,
"2012",汕尾市,6137300,,,
"2013",汕尾市,6782200,,,
"2014",汕尾市,7293600,,,
"2015",汕尾市,7668600,,,
"2016",汕尾市,8439200,,,
"2017",汕尾市,9045700,,,
"2018",汕尾市,10040000,,,
"2019",汕尾市,10762700,,,
"2020",汕尾市,11126300,,,
"2021",汕尾市,12854100,,,
"2022",汕尾市,13306600,,,
"2012",河源市,5914200,,,
"2013",河源市,6689200,,,
"2014",河源市,7348400,,,
"2015",河源市,7686800,,,
"2016",河源市,8478000,,,
"2017",河源市,9681000,,,
"2018",河源市,10069800,,,
"2019",河源市,10797500,,,
"2020",河源市,11143100,,,
"2021",河源市,12739100,,,
"2022",河源市,13023900,,,
"2012",阳江市,8318100,,,
"2013",阳江市,9711700,,,
"2014",阳江市,10668200,,,
"2015",阳江市,11081200,,,
"2016",阳江市,11170300,,,
"2017",阳江市,11422400,,,
"2018",阳江市,11677300,,,
"2019",阳江市,12916700,,,
"2020",阳江市,13495300,,,
"2021",阳江市,15111900,,,
"2022",阳江市,15416600,,,
"2012",清远市,10251200,,,
"2013",清远市,10995400,,,
"2014",清远市,11944200,,,
"2015",清远市,12662600,,,
"2016",清远市,14043000,,,
"2017",清远市,14745400,,,
"2018",清远市,15753200,,,
"2019",清远市,17044700,,,
"2020",清远市,18043600,,,
"2021",清远市,20006900,,,
"2022",清远市,20501400,,,
"2012",东莞市,51902000,GS,Guangzhou-Shenzhen,middle
"2013",东莞市,57404400,GS,Guangzhou-Shenzhen,middle
"2014",东莞市,61748300,GS,Guangzhou-Shenzhen,middle
"2015",东莞市,66653400,GS,Guangzhou-Shenzhen,middle
"2016",东莞市,72609200,GS,Guangzhou-Shenzhen,middle
"2017",东莞市,80792000,GS,Guangzhou-Shenzhen,middle
"2018",东莞市,88181100,GS,Guangzhou-Shenzhen,middle
"2019",东莞市,94744300,GS,Guangzhou-Shenzhen,middle
"2020",东莞市,97567700,GS,Guangzhou-Shenzhen,middle
"2021",东莞市,109316900,GS,Guangzhou-Shenzhen,middle
"2022",东莞市,113756600,GS,Guangzhou-Shenzhen,middle
"2012",中山市,23065200,,,
"2013",中山市,24700600,,,
"2014",中山市,25805900,,,
"2015",中山市,27113600,,,
"2016",中山市,28304300,,,
"2017",中山市,29395200,,,
"2018",中山市,30537300,,,
"2019",中山市,31237900,,,
"2020",中山市,31891500,,,
"2021",中山市,35788800,,,
"2022",中山市,36322200,,,
"2012",潮州市,6994400,,,
"2013",潮州市,7722800,,,
"2014",潮州市,8331900,,,
"2015",潮州市,8911100,,,
"2016",潮州市,9481600,,,
"2017",潮州市,9606800,,,
"2018",潮州市,10053000,,,
"2019",潮州市,10829400,,,
"2020",潮州市,11028800,,,
"2021",潮州市,12445200,,,
"2022",潮州市,13177300,,,
"2012",揭阳市,13061700,,,
"2013",揭阳市,14653600,,,
"2014",揭阳市,16047300,,,
"2015",揭阳市,16643900,,,
"2016",揭阳市,18042600,,,
"2017",揭阳市,18426700,,,
"2018",揭阳市,20020900,,,
"2019",揭阳市,20999100,,,
"2020",揭阳市,20880000,,,
"2021",揭阳市,22809700,,,
"2022",揭阳市,22768500,,,
"2012",云浮市,5242800,,,
"2013",云浮市,5966700,,,
"2014",云浮市,6457400,,,
"2015",云浮市,6966000,,,
"2016",云浮市,7586800,,,
"2017",云浮市,8046300,,,
"2018",云浮市,8556700,,,
"2019",云浮市,9441400,,,
"2020",云浮市,10336200,,,
"2021",云浮市,11378700,,,
"2022",云浮市,11735000,,,
"2012",南宁市,23071083,,,
"2013",南宁市,26201470,,,
"2014",南宁市,28622807,,,
"2015",南宁市,31479150,,,
"2016",南宁市,34059878,,,
"2017",南宁市,38043331,,,
"2018",南宁市,41623699,,,
"2019",南宁市,45065576,,,
"2020",南宁市,47903600,,,
"2021",南宁市,52734000,,,
"2022",南宁市,54981500,,,
"2012",柳州市,17711828,,,
"2013",柳州市,19284096,,,
"2014",柳州市,21173836,,,
"2015",柳州市,22534866,,,
"2016",柳州市,24209037,,,
"2017",柳州市,26870576,,,
"2018",柳州市,30082886,,,
"2019",柳州市,31268454,,,
"2020",柳州市,30512764,,,
"2021",柳州市,30577340,,,
"2022",柳州市,31090947,,,
"2012",桂林市,11392141,,,
"2013",桂林市,12601596,,,
"2014",桂林市,13575710,,,
"2015",桂林市,14855946,,,
"2016",桂林市,16419921,,,
"2017",桂林市,17458210,,,
"2018",桂林市,19011230,,,
"2019",桂林市,21055615.33,,,
"2020",桂林市,21380831,,,
"2021",桂林市,23144428,,,
"2022",桂林市,24357497,,,
"2012",梧州市,5580600,,,
"2013",梧州市,6302700,,,
"2014",梧州市,6758000,,,
"2015",梧州市,7500800,,,
"2016",梧州市,8249400,,,
"2017",梧州市,8785200,,,
"2018",梧州市,9324900,,,
"2019",梧州市,9914000,,,
"2020",梧州市,10883600,,,
"2021",梧州市,13779200,,,
"2022",梧州市,14208200,,,
"2012",北海市,6147700,,,
"2013",北海市,7173200,,,
"2014",北海市,8274200,,,
"2015",北海市,8511700,,,
"2016",北海市,9787600,,,
"2017",北海市,10463400,,,
"2018",北海市,11866600,,,
"2019",北海市,13008000,,,
"2020",北海市,12653400,,,
"2021",北海市,15926900,,,
"2022",北海市,16742100,,,
"2012",防城港市,3892100,,,
"2013",防城港市,4385700,,,
"2014",防城港市,4653100,,,
"2015",防城港市,5045200,,,
"2016",防城港市,5556900,,,
"2017",防城港市,6224600,,,
"2018",防城港市,6620900,,,
"2019",防城港市,7012300,,,
"2020",防城港市,7327900,,,
"2021",防城港市,9368300,,,
"2022",防城港市,9680800,,,
"2012",钦州市,6317100,,,
"2013",钦州市,6818100,,,
"2014",钦州市,7836500,,,
"2015",钦州市,8852100,,,
"2016",钦州市,9573500,,,
"2017",钦州市,10919900,,,
"2018",钦州市,12143200,,,
"2019",钦州市,13562700,,,
"2020",钦州市,13873700,,,
"2021",钦州市,16853500,,,
"2022",钦州市,19170000,,,
"2012",贵港市,6316200,,,
"2013",贵港市,7568500,,,
"2014",贵港市,7332700,,,
"2015",贵港市,7998100,,,
"2016",贵港市,8806000,,,
"2017",贵港市,9755000,,,
"2018",贵港市,11155000,,,
"2019",贵港市,12575300,,,
"2020",贵港市,13588200,,,
"2021",贵港市,15018000,,,
"2022",贵港市,15721000,,,
"2012",玉林市,9346000,,,
"2013",玉林市,10128000,,,
"2014",玉林市,10988500,,,
"2015",玉林市,11851400,,,
"2016",玉林市,12738900,,,
"2017",玉林市,13833600,,,
"2018",玉林市,15035400,,,
"2019",玉林市,16797700,,,
"2020",玉林市,17689100,,,
"2021",玉林市,20948500,,,
"2022",玉林市,21674600,,,
"2012",百色市,6443700,,,
"2013",百色市,6804500,,,
"2014",百色市,7347500,,,
"2015",百色市,8145700,,,
"2016",百色市,9475100,,,
"2017",百色市,10325000,,,
"2018",百色市,11243800,,,
"2019",百色市,12577800,,,
"2020",百色市,13702600,,,
"2021",百色市,16814200,,,
"2022",百色市,17682600,,,
"2012",贺州市,3795700,,,
"2013",贺州市,4061000,,,
"2014",贺州市,4258600,,,
"2015",贺州市,4520100,,,
"2016",贺州市,5025400,,,
"2017",贺州市,5498600,,,
"2018",贺州市,6098300,,,
"2019",贺州市,7001100,,,
"2020",贺州市,7498200,,,
"2021",贺州市,9249500,,,
"2022",贺州市,9721600,,,
"2012",河池市,4895700,,,
"2013",河池市,5193500,,,
"2014",河池市,5872100,,,
"2015",河池市,6224200,,,
"2016",河池市,6572600,,,
"2017",河池市,7414600,,,
"2018",河池市,8050100,,,
"2019",河池市,8781000,,,
"2020",河池市,10073200,,,
"2021",河池市,11558000,,,
"2022",河池市,12851900,,,
"2012",来宾市,4512500,,,
"2013",来宾市,4514300,,,
"2014",来宾市,4702000,,,
"2015",来宾市,4785900,,,
"2016",来宾市,5115300,,,
"2017",来宾市,5649400,,,
"2018",来宾市,6153500,,,
"2019",来宾市,6541500,,,
"2020",来宾市,7270500,,,
"2021",来宾市,8836000,,,
"2022",来宾市,9012700,,,
"2012",崇左市,3865210.11,,,
"2013",崇左市,4306623.13,,,
"2014",崇左市,4601067.66,,,
"2015",崇左市,4922565,,,
"2016",崇左市,5446430,,,
"2017",崇左市,6316075,,,
"2018",崇左市,6930689,,,
"2019",崇左市,7574604,,,
"2020",崇左市,8320508,,,
"2021",崇左市,9890900,,,
"2022",崇左市,10810000,,,
"2012",海口市,8584869,,,
"2013",海口市,9894896.34,,,
"2014",海口市,10917021,,,
"2015",海口市,11431883.59,,,
"2016",海口市,13031432.17,,,
"2017",海口市,14211680.05,,,
"2018",海口市,15355518.16,,,
"2019",海口市,16788714,,,
"2020",海口市,17998077,,,
"2021",海口市,20383423.31,,,
"2022",海口市,21629847,,,
"2012",三亚市,3248228,,,
"2013",三亚市,3658868,,,
"2014",三亚市,4022558,,,
"2015",三亚市,4411933,,,
"2016",三亚市,4930618,,,
"2017",三亚市,5460998,,,
"2018",三亚市,6222669,,,
"2019",三亚市,6891362,,,
"2020",三亚市,7088971,,,
"2021",三亚市,8511401,,,
"2022",三亚市,8666949,,,
"2012",三沙市,,,,
"2013",三沙市,,,,
"2014",三沙市,,,,
"2015",三沙市,,,,
"2016",三沙市,,,,
"2017",三沙市,,,,
"2018",三沙市,,,,
"2019",三沙市,,,,
"2020",三沙市,,,,
"2021",三沙市,,,,
"2022",三沙市,,,,
"2012",儋州市,1813700,,,
"2013",儋州市,2008900,,,
"2014",儋州市,2151600,,,
"2015",儋州市,2376700,,,
"2016",儋州市,2589500,,,
"2017",儋州市,2907000,,,
"2018",儋州市,3253100,,,
"2019",儋州市,3557400,,,
"2020",儋州市,3611500,,,
"2021",儋州市,8377200,,,
"2022",儋州市,8962800,,,
"2012",重庆市,115953700,CY,Chengdu-Chongqing,core
"2013",重庆市,130276000,CY,Chengdu-Chongqing,core
"2014",重庆市,146237800,CY,Chengdu-Chongqing,core
"2015",重庆市,160405400,CY,Chengdu-Chongqing,core
"2016",重庆市,180230400,CY,Chengdu-Chongqing,core
"2017",重庆市,200662900,CY,Chengdu-Chongqing,core
"2018",重庆市,215888000,CY,Chengdu-Chongqing,core
"2019",重庆市,236057700,CY,Chengdu-Chongqing,core
"2020",重庆市,250414300,CY,Chengdu-Chongqing,core
"2021",重庆市,280772800,CY,Chengdu-Chongqing,core
"2022",重庆市,285761000,CY,Chengdu-Chongqing,core
"2012",成都市,86196046,CY,Chengdu-Chongqing,core
"2013",成都市,94506619,CY,Chengdu-Chongqing,core
"2014",成都市,103684342,CY,Chengdu-Chongqing,core
"2015",成都市,106623102,CY,Chengdu-Chongqing,core
"2016",成都市,118740730,CY,Chengdu-Chongqing,core
"2017",成都市,139313866,CY,Chengdu-Chongqing,core
"2018",成都市,156989426,CY,Chengdu-Chongqing,core
"2019",成都市,170106620,CY,Chengdu-Chongqing,core
"2020",成都市,178380035,CY,Chengdu-Chongqing,core
"2021",成都市,199623149,CY,Chengdu-Chongqing,core
"2022",成都市,207893793,CY,Chengdu-Chongqing,core
"2012",自贡市,8320000,,,
"2013",自贡市,9133700,,,
"2014",自贡市,9420900,,,
"2015",自贡市,9702700,,,
"2016",自贡市,10208400,,,
"2017",自贡市,11661700,,,
"2018",自贡市,13147400,,,
"2019",自贡市,14042100,,,
"2020",自贡市,14410100,,,
"2021",自贡市,15981100,,,
"2022",自贡市,16561600,,,
"2012",攀枝花市,6274000,,,
"2013",攀枝花市,6523300,,,
"2014",攀枝花市,6857500,,,
"2015",攀枝花市,7125600,,,
"2016",攀枝花市,7629300,,,
"2017",攀枝花市,8422500,,,
"2018",攀枝花市,9414500,,,
"2019",攀枝花市,10020200,,,
"2020",攀枝花市,10238200,,,
"2021",攀枝花市,11507800,,,
"2022",攀枝花市,12205200,,,
"2012",泸州市,10034000,,,
"2013",泸州市,11565900,,,
"2014",泸州市,12791200,,,
"2015",泸州市,13693100,,,
"2016",泸州市,15006400,,,
"2017",泸州市,16989100,,,
"2018",泸州市,18955500,,,
"2019",泸州市,20649500,,,
"2020",泸州市,21708500,,,
"2021",泸州市,24493200,,,
"2022",泸州市,26082100,,,
"2012",德阳市,12345505,,,
"2013",德阳市,14038373,,,
"2014",德阳市,14652419,,,
"2015",德阳市,15257748,,,
"2016",德阳市,16928230,,,
"2017",德阳市,19074281,,,
"2018",德阳市,21483851,,,
"2019",德阳市,23257441,,,
"2020",德阳市,23834701,,,
"2021",德阳市,26869607,,,
"2022",德阳市,28168714,,,
"2012",绵阳市,12647600,,,
"2013",绵阳市,14704100,,,
"2014",绵阳市,16120800,,,
"2015",绵阳市,17430000,,,
"2016",绵阳市,19579100,,,
"2017",绵阳市,23135700,,,
"2018",绵阳市,26133000,,,
"2019",绵阳市,28704900,,,
"2020",绵阳市,30807200,,,
"2021",绵阳市,34905900,,,
"2022",绵阳市,37444200,,,
"2012",广元市,4506100,,,
"2013",广元市,5202500,,,
"2014",广元市,5630800,,,
"2015",广元市,6141200,,,
"2016",广元市,6572700,,,
"2017",广元市,7518100,,,
"2018",广元市,8805000,,,
"2019",广元市,9532000,,,
"2020",广元市,10080100,,,
"2021",广元市,11162500,,,
"2022",广元市,11397800,,,
"2012",遂宁市,6546500,,,
"2013",遂宁市,7066900,,,
"2014",遂宁市,8090000,,,
"2015",遂宁市,8713600,,,
"2016",遂宁市,9268400,,,
"2017",遂宁市,10464300,,,
"2018",遂宁市,12308500,,,
"2019",遂宁市,13397100,,,
"2020",遂宁市,13756300,,,
"2021",遂宁市,15198700,,,
"2022",遂宁市,16144700,,,
"2012",内江市,8778330,CY,Chengdu-Chongqing,middle
"2013",内江市,9151108,CY,Chengdu-Chongqing,middle
"2014",内江市,9738558,CY,Chengdu-Chongqing,middle
"2015",内江市,10180017,CY,Chengdu-Chongqing,middle
"2016",内江市,10864330,CY,Chengdu-Chongqing,middle
"2017",内江市,11821130,CY,Chengdu-Chongqing,middle
"2018",内江市,13188316,CY,Chengdu-Chongqing,middle
"2019",内江市,14123944,CY,Chengdu-Chongqing,middle
"2020",内江市,14444861,CY,Chengdu-Chongqing,middle
"2021",内江市,16055299,CY,Chengdu-Chongqing,middle
"2022",内江市,16569530,CY,Chengdu-Chongqing,middle
"2012",乐山市,9892550,,,
"2013",乐山市,10969340,,,
"2014",乐山市,11958063,,,
"2015",乐山市,12806309,,,
"2016",乐山市,13353967,,,
"2017",乐山市,14816149,,,
"2018",乐山市,17098116,,,
"2019",乐山市,18726032,,,
"2020",乐山市,20011683,,,
"2021",乐山市,21941356,,,
"2022",乐山市,23088094,,,
"2012",南充市,10830200,,,
"2013",南充市,12837100,,,
"2014",南充市,13917000,,,
"2015",南充市,14634000,,,
"2016",南充市,15929700,,,
"2017",南充市,18382500,,,
"2018",南充市,21157300,,,
"2019",南充市,23023100,,,
"2020",南充市,23659000,,,
"2021",南充市,26068000,,,
"2022",南充市,26233000,,,
"2012",眉山市,7364900,,,
"2013",眉山市,8210900,,,
"2014",眉山市,9003900,,,
"2015",眉山市,9586700,,,
"2016",眉山市,10119400,,,
"2017",眉山市,11492200,,,
"2018",眉山市,12699000,,,
"2019",眉山市,13657100,,,
"2020",眉山市,14030000,,,
"2021",眉山市,15565200,,,
"2022",眉山市,16356300,,,
"2012",宜宾市,11198009,,,
"2013",宜宾市,12934688,,,
"2014",宜宾市,14113712,,,
"2015",宜宾市,14700982,,,
"2016",宜宾市,16095610,,,
"2017",宜宾市,18621905,,,
"2018",宜宾市,23493097,,,
"2019",宜宾市,26331113,,,
"2020",宜宾市,28635300,,,
"2021",宜宾市,32568400,,,
"2022",宜宾市,35082500,,,
"2012",广安市,7201900,,,
"2013",广安市,7909100,,,
"2014",广安市,8384600,,,
"2015",广安市,8743900,,,
"2016",广安市,9280300,,,
"2017",广安市,10476700,,,
"2018",广安市,11570000,,,
"2019",广安市,12504400,,,
"2020",广安市,13015700,,,
"2021",广安市,14178200,,,
"2022",广安市,14250200,,,
"2012",达州市,10552400,,,
"2013",达州市,11591600,,,
"2014",达州市,12721200,,,
"2015",达州市,13665600,,,
"2016",达州市,14954900,,,
"2017",达州市,16975800,,,
"2018",达州市,18795300,,,
"2019",达州市,20275100,,,
"2020",达州市,21178000,,,
"2021",达州市,23516700,,,
"2022",达州市,25027200,,,
"2012",雅安市,4037678,,,
"2013",雅安市,4289515,,,
"2014",雅安市,4757890,,,
"2015",雅安市,5190173,,,
"2016",雅安市,5616527,,,
"2017",雅安市,6085426,,,
"2018",雅安市,6533443,,,
"2019",雅安市,7230400,,,
"2020",雅安市,7545947,,,
"2021",雅安市,8475600,,,
"2022",雅安市,9025100,,,
"2012",巴中市,3746700,,,
"2013",巴中市,4002200,,,
"2014",巴中市,4722900,,,
"2015",巴中市,5076800,,,
"2016",巴中市,5499100,,,
"2017",巴中市,6072300,,,
"2018",巴中市,7046600,,,
"2019",巴中市,7398700,,,
"2020",巴中市,7057500,,,
"2021",巴中市,7374100,,,
"2022",巴中市,7408900,,,
"2012",资阳市,4700400,CY,Chengdu-Chongqing,middle
"2013",资阳市,5075100,CY,Chengdu-Chongqing,middle
"2014",资阳市,5370900,CY,Chengdu-Chongqing,middle
"2015",资阳市,5727600,CY,Chengdu-Chongqing,middle
"2016",资阳市,6438400,CY,Chengdu-Chongqing,middle
"2017",资阳市,6885400,CY,Chengdu-Chongqing,middle
"2018",资阳市,7286300,CY,Chengdu-Chongqing,middle
"2019",资阳市,7773700,CY,Chengdu-Chongqing,middle
"2020",资阳市,8075000,CY,Chengdu-Chongqing,middle
"2021",资阳市,8905000,CY,Chengdu-Chongqing,middle
"2022",资阳市,9451100,CY,Chengdu-Chongqing,middle
"2012",贵阳市,16341600,,,
"2013",贵阳市,19966700,,,
"2014",贵阳市,22870200,,,
"2015",贵阳市,25643000,,,
"2016",贵阳市,28276200,,,
"2017",贵阳市,32793900,,,
"2018",贵阳市,37249700,,,
"2019",贵阳市,40396000,,,
"2020",贵阳市,43156600,,,
"2021",贵阳市,46747600,,,
"2022",贵阳市,49211700,,,
"2012",六盘水市,6927800,,,
"2013",六盘水市,7650200,,,
"2014",六盘水市,7974100,,,
"2015",六盘水市,8545800,,,
"2016",六盘水市,9562500,,,
"2017",六盘水市,10750000,,,
"2018",六盘水市,11773700,,,
"2019",六盘水市,12659700,,,
"2020",六盘水市,13424800,,,
"2021",六盘水市,14634200,,,
"2022",六盘水市,15025300,,,
"2012",遵义市,13219000,,,
"2013",遵义市,15577300,,,
"2014",遵义市,18141500,,,
"2015",遵义市,21627500,,,
"2016",遵义市,24452100,,,
"2017",遵义市,28127000,,,
"2018",遵义市,31693900,,,
"2019",遵义市,34833200,,,
"2020",遵义市,37290200,,,
"2021",遵义市,41383000,,,
"2022",遵义市,43511400,,,
"2012",安顺市,3676200,,,
"2013",安顺市,4103800,,,
"2014",安顺市,4757900,,,
"2015",安顺市,5700100,,,
"2016",安顺市,6443000,,,
"2017",安顺市,7536200,,,
"2018",安顺市,8502900,,,
"2019",安顺市,9239400,,,
"2020",安顺市,9690500,,,
"2021",安顺市,10735900,,,
"2022",安顺市,10736400,,,
"2012",毕节市,8442000,,,
"2013",毕节市,9933400,,,
"2014",毕节市,11044900,,,
"2015",毕节市,12052400,,,
"2016",毕节市,13520600,,,
"2017",毕节市,15493800,,,
"2018",毕节市,17533000,,,
"2019",毕节市,19013600,,,
"2020",毕节市,20244200,,,
"2021",毕节市,21814800,,,
"2022",毕节市,22065200,,,
"2012",铜仁市,4373700,,,
"2013",铜仁市,5207200,,,
"2014",铜仁市,6325700,,,
"2015",铜仁市,7701900,,,
"2016",铜仁市,8559700,,,
"2017",铜仁市,9928200,,,
"2018",铜仁市,11451300,,,
"2019",铜仁市,12491600,,,
"2020",铜仁市,13277900,,,
"2021",铜仁市,14554700,,,
"2022",铜仁市,14771900,,,
"2012",昆明市,30516200,,,
"2013",昆明市,35080900,,,
"2014",昆明市,39023700,,,
"2015",昆明市,43423800,,,
"2016",昆明市,47574000,,,
"2017",昆明市,54297000,,,
"2018",昆明市,60205000,,,
"2019",昆明市,64923900,,,
"2020",昆明市,67325300,,,
"2021",昆明市,72242800,,,
"2022",昆明市,75413700,,,
"2012",曲靖市,14001700,,,
"2013",曲靖市,15839400,,,
"2014",曲靖市,15484600,,,
"2015",曲靖市,16302600,,,
"2016",曲靖市,17684100,,,
"2017",曲靖市,19411200,,,
"2018",曲靖市,20133600,,,
"2019",曲靖市,26375900,,,
"2020",曲靖市,29593500,,,
"2021",曲靖市,33939100,,,
"2022",曲靖市,38022000,,,
"2012",玉溪市,10791000,,,
"2013",玉溪市,11924600,,,
"2014",玉溪市,12928200,,,
"2015",玉溪市,13607000,,,
"2016",玉溪市,14704600,,,
"2017",玉溪市,16291400,,,
"2018",玉溪市,18008400,,,
"2019",玉溪市,19857900,,,
"2020",玉溪市,20622000,,,
"2021",玉溪市,23528100,,,
"2022",玉溪市,24800900,,,
"2012",保山市,4146300,,,
"2013",保山市,4817600,,,
"2014",保山市,5402400,,,
"2015",保山市,5968800,,,
"2016",保山市,6637800,,,
"2017",保山市,7526800,,,
"2018",保山市,8503400,,,
"2019",保山市,9606800,,,
"2020",保山市,10693400,,,
"2021",保山市,11797300,,,
"2022",保山市,12534200,,,
"2012",昭通市,5947000,,,
"2013",昭通市,6720500,,,
"2014",昭通市,7394600,,,
"2015",昭通市,7836200,,,
"2016",昭通市,8624200,,,
"2017",昭通市,9570500,,,
"2018",昭通市,10618700,,,
"2019",昭通市,12132600,,,
"2020",昭通市,12900600,,,
"2021",昭通市,14620600,,,
"2022",昭通市,15410200,,,
"2012",丽江市,2122400,,,
"2013",丽江市,2488100,,,
"2014",丽江市,2696800,,,
"2015",丽江市,2896100,,,
"2016",丽江市,3092900,,,
"2017",丽江市,3394800,,,
"2018",丽江市,3507600,,,
"2019",丽江市,4725100,,,
"2020",丽江市,5127500,,,
"2021",丽江市,5704900,,,
"2022",丽江市,6201000,,,
"2012",普洱市,3668500,,,
"2013",普洱市,4253900,,,
"2014",普洱市,4769500,,,
"2015",普洱市,5140100,,,
"2016",普洱市,5675400,,,
"2017",普洱市,6245900,,,
"2018",普洱市,6624800,,,
"2019",普洱市,8752800,,,
"2020",普洱市,9454200,,,
"2021",普洱市,10818900,,,
"2022",普洱市,11221600,,,
"2012",临沧市,3407000,,,
"2013",临沧市,3996900,,,
"2014",临沧市,4420800,,,
"2015",临沧市,4748500,,,
"2016",临沧市,5633700,,,
"2017",临沧市,6035200,,,
"2018",临沧市,6723000,,,
"2019",临沧市,7662200,,,
"2020",临沧市,8215200,,,
"2021",临沧市,9084800,,,
"2022",临沧市,10002400,,,
"2012",拉萨市,2697900,,,
"2013",拉萨市,3170500,,,
"2014",拉萨市,3623900,,,
"2015",拉萨市,3952800,,,
"2016",拉萨市,4463900,,,
"2017",拉萨市,5036800,,,
"2018",拉萨市,5671000,,,
"2019",拉萨市,6178800,,,
"2020",拉萨市,6781600,,,
"2021",拉萨市,7418400,,,
"2022",拉萨市,7475700,,,
"2012",日喀则市,1152400,,,
"2013",日喀则市,1285700,,,
"2014",日喀则市,1464000,,,
"2015",日喀则市,1668468.31,,,
"2016",日喀则市,1877500,,,
"2017",日喀则市,2162939.86,,,
"2018",日喀则市,2535400,,,
"2019",日喀则市,2794905.12,,,
"2020",日喀则市,3255700,,,
"2021",日喀则市,3565800,,,
"2022",日喀则市,3748500,,,
"2012",昌都市,897500,,,
"2013",昌都市,1045000,,,
"2014",昌都市,1171100,,,
"2015",昌都市,1320198.12,,,
"2016",昌都市,1478600,,,
"2017",昌都市,1698331.1,,,
"2018",昌都市,2005600,,,
"2019",昌都市,2209596.54,,,
"2020",昌都市,2528940,,,
"2021",昌都市,2792400,,,
"2022",昌都市,2982800,,,
"2012",林芝市,723900,,,
"2013",林芝市,818300,,,
"2014",林芝市,928600,,,
"2015",林芝市,1043298.71,,,
"2016",林芝市,1157700,,,
"2017",林芝市,1333280.44,,,
"2018",林芝市,1573700,,,
"2019",林芝市,1724477.01,,,
"2020",林芝市,1913433,,,
"2021",林芝市,2090100,,,
"2022",林芝市,2082900,,,
"2012",山南市,730700,,,
"2013",山南市,866100,,,
"2014",山南市,1011300,,,
"2015",山南市,1136193.75,,,
"2016",山南市,1265300,,,
"2017",山南市,1458297,,,
"2018",山南市,1721100,,,
"2019",山南市,1877686.39,,,
"2020",山南市,2154020,,,
"2021",山南市,2372700,,,
"2022",山南市,2429800,,,
"2012",那曲市,651600,,,
"2013",那曲市,728800,,,
"2014",那曲市,833900,,,
"2015",那曲市,949432.64,,,
"2016",那曲市,1062400,,,
"2017",那曲市,1198245.95,,,
"2018",那曲市,1421000,,,
"2019",那曲市,1575287.23,,,
"2020",那曲市,1714075,,,
"2021",那曲市,1868600,,,
"2022",那曲市,1932000,,,
"2012",西安市,43701600,,,
"2013",西安市,49602300,,,
"2014",西安市,55769800,,,
"2015",西安市,59328600,,,
"2016",西安市,63963600,,,
"2017",西安市,74180400,,,
"2018",西安市,84994100,,,
"2019",西安市,93999800,,,
"2020",西安市,102869000,,,
"2021",西安市,112222200,,,
"2022",西安市,120922700,,,
"2012",铜川市,2361400,,,
"2013",铜川市,2781000,,,
"2014",铜川市,2789500,,,
"2015",铜川市,2664100,,,
"2016",铜川市,2703400,,,
"2017",铜川市,3009500,,,
"2018",铜川市,3319200,,,
"2019",铜川市,3691500,,,
"2020",铜川市,3761400,,,
"2021",铜川市,4663800,,,
"2022",铜川市,4926500,,,
"2012",宝鸡市,12259600,,,
"2013",宝鸡市,13745100,,,
"2014",宝鸡市,14683800,,,
"2015",宝鸡市,15850200,,,
"2016",宝鸡市,17029400,,,
"2017",宝鸡市,19149200,,,
"2018",宝鸡市,21109400,,,
"2019",宝鸡市,22127600,,,
"2020",宝鸡市,22817100,,,
"2021",宝鸡市,25881500,,,
"2022",宝鸡市,25969000,,,
"2012",咸阳市,14075900,,,
"2013",咸阳市,16480300,,,
"2014",咸阳市,18102900,,,
"2015",咸阳市,19257700,,,
"2016",咸阳市,20256400,,,
"2017",咸阳市,19166000,,,
"2018",咸阳市,21354500,,,
"2019",咸阳市,22104800,,,
"2020",咸阳市,21763200,,,
"2021",咸阳市,26054200,,,
"2022",咸阳市,27515900,,,
"2012",渭南市,11046300,,,
"2013",渭南市,12607100,,,
"2014",渭南市,13534500,,,
"2015",渭南市,13644200,,,
"2016",渭南市,14104000,,,
"2017",渭南市,15470100,,,
"2018",渭南市,17243300,,,
"2019",渭南市,18365300,,,
"2020",渭南市,18564200,,,
"2021",渭南市,20752800,,,
"2022",渭南市,22011300,,,
"2012",延安市,12618500,,,
"2013",延安市,13542000,,,
"2014",延安市,14024600,,,
"2015",延安市,11958500,,,
"2016",延安市,10812000,,,
"2017",延安市,13081100,,,
"2018",延安市,15553300,,,
"2019",延安市,16722700,,,
"2020",延安市,16077800,,,
"2021",延安市,20437000,,,
"2022",延安市,23433800,,,
"2012",汉中市,7332400,,,
"2013",汉中市,8750400,,,
"2014",汉中市,9844000,,,
"2015",汉中市,10348900,,,
"2016",汉中市,11211400,,,
"2017",汉中市,12866200,,,
"2018",汉中市,14294700,,,
"2019",汉中市,15604500,,,
"2020",汉中市,15930900,,,
"2021",汉中市,17702100,,,
"2022",汉中市,19054500,,,
"2012",榆林市,26019300,,,
"2013",榆林市,27463100,,,
"2014",榆林市,29174200,,,
"2015",榆林市,24612000,,,
"2016",榆林市,27252400,,,
"2017",榆林市,32849500,,,
"2018",榆林市,38182800,,,
"2019",榆林市,41491200,,,
"2020",榆林市,41439300,,,
"2021",榆林市,56212500,,,
"2022",榆林市,65436500,,,
"2012",安康市,4836100,,,
"2013",安康市,6030400,,,
"2014",安康市,6801400,,,
"2015",安康市,7440400,,,
"2016",安康市,8250700,,,
"2017",安康市,9488800,,,
"2018",安康市,10651600,,,
"2019",安康市,11820600,,,
"2020",安康市,10907700,,,
"2021",安康市,12149200,,,
"2022",安康市,12020300,,,
"2012",商洛市,3872100,,,
"2013",商洛市,4684800,,,
"2014",商洛市,5259000,,,
"2015",商洛市,5610000,,,
"2016",商洛市,6210700,,,
"2017",商洛市,6775300,,,
"2018",商洛市,7753300,,,
"2019",商洛市,8320100,,,
"2020",商洛市,7412900,,,
"2021",商洛市,8500100,,,
"2022",商洛市,7953400,,,
"2012",兰州市,16131600,,,
"2013",兰州市,18102400,,,
"2014",兰州市,19777700,,,
"2015",兰州市,21022500,,,
"2016",兰州市,22074200,,,
"2017",兰州市,24450800,,,
"2018",兰州市,26601900,,,
"2019",兰州市,28525100,,,
"2020",兰州市,28775300,,,
"2021",兰州市,32272800,,,
"2022",兰州市,33262100,,,
"2012",嘉峪关市,2691459.6,,,
"2013",嘉峪关市,2262175,,,
"2014",嘉峪关市,2306881,,,
"2015",嘉峪关市,1900442,,,
"2016",嘉峪关市,1534088,,,
"2017",嘉峪关市,2098721.47,,,
"2018",嘉峪关市,2996199.94,,,
"2019",嘉峪关市,2834099,,,
"2020",嘉峪关市,2816003.35,,,
"2021",嘉峪关市,3265083.41,,,
"2022",嘉峪关市,3625714,,,
"2012",金昌市,2906300,,,
"2013",金昌市,3016600,,,
"2014",金昌市,3029100,,,
"2015",金昌市,2561500,,,
"2016",金昌市,2253700,,,
"2017",金昌市,2482400,,,
"2018",金昌市,3150100,,,
"2019",金昌市,3368400,,,
"2020",金昌市,3570400,,,
"2021",金昌市,4279100,,,
"2022",金昌市,5194100,,,
"2012",白银市,4337651,,,
"2013",白银市,4633061,,,
"2014",白银市,4476423,,,
"2015",白银市,4342749,,,
"2016",白银市,4422085,,,
"2017",白银市,4505206.32,,,
"2018",白银市,5115968.26,,,
"2019",白银市,4863330.86,,,
"2020",白银市,4972653.79,,,
"2021",白银市,5710219.82,,,
"2022",白银市,6355318.55,,,
"2012",天水市,3869500,,,
"2013",天水市,4259800,,,
"2014",天水市,4617400,,,
"2015",天水市,4699200,,,
"2016",天水市,5167100,,,
"2017",天水市,5398000,,,
"2018",天水市,5725500,,,
"2019",天水市,6326700,,,
"2020",天水市,6643100,,,
"2021",天水市,7487700,,,
"2022",天水市,8138800,,,
"2012",武威市,2971700,,,
"2013",武威市,3295700,,,
"2014",武威市,3570500,,,
"2015",武威市,3664000,,,
"2016",武威市,4233500,,,
"2017",武威市,4199400,,,
"2018",武威市,4582800,,,
"2019",武威市,4966900,,,
"2020",武威市,5408900,,,
"2021",武威市,6100200,,,
"2022",武威市,6705400,,,
"2012",张掖市,2495300,,,
"2013",张掖市,2983200,,,
"2014",张掖市,3125400,,,
"2015",张掖市,3254000,,,
"2016",张掖市,3499900,,,
"2017",张掖市,3596000,,,
"2018",张掖市,4024600,,,
"2019",张掖市,4469700,,,
"2020",张掖市,4656000,,,
"2021",张掖市,5259400,,,
"2022",张掖市,5815100,,,
"2012",平凉市,3245085.8,,,
"2013",平凉市,3410775,,,
"2014",平凉市,3505533,,,
"2015",平凉市,3476994,,,
"2016",平凉市,3672959.68,,,
"2017",平凉市,3546555.88,,,
"2018",平凉市,3951652.11,,,
"2019",平凉市,4565803.05,,,
"2020",平凉市,4761604.22,,,
"2021",平凉市,5539694.87,,,
"2022",平凉市,6415771,,,
"2012",酒泉市,5736605,,,
"2013",酒泉市,6419382,,,
"2014",酒泉市,6105496,,,
"2015",酒泉市,5447962,,,
"2016",酒泉市,5779341,,,
"2017",酒泉市,5517725.06,,,
"2018",酒泉市,5968871,,,
"2019",酒泉市,6182169,,,
"2020",酒泉市,6904000,,,
"2021",酒泉市,8052000,,,
"2022",酒泉市,8778000,,,
"2012",庆阳市,5052700,,,
"2013",庆阳市,5834000,,,
"2014",庆阳市,6448800,,,
"2015",庆阳市,5814000,,,
"2016",庆阳市,5650900,,,
"2017",庆阳市,5836500,,,
"2018",庆阳市,7014100,,,
"2019",庆阳市,7748100,,,
"2020",庆阳市,7724100,,,
"2021",庆阳市,9223500,,,
"2022",庆阳市,10686600,,,
"2012",定西市,2169800,,,
"2013",定西市,2384600,,,
"2014",定西市,2646700,,,
"2015",定西市,2939800,,,
"2016",定西市,3230200,,,
"2017",定西市,3521000,,,
"2018",定西市,3841700,,,
"2019",定西市,4145900,,,
"2020",定西市,4401000,,,
"2021",定西市,5000100,,,
"2022",定西市,5537800,,,
"2012",陇南市,2259756,,,
"2013",陇南市,2495048,,,
"2014",陇南市,2894472,,,
"2015",陇南市,3151353,,,
"2016",陇南市,3398884,,,
"2017",陇南市,3427168,,,
"2018",陇南市,3792272.87,,,
"2019",陇南市,4450866,,,
"2020",陇南市,4692000,,,
"2021",陇南市,5211000,,,
"2022",陇南市,5856000,,,
"2012",西宁市,6271100,,,
"2013",西宁市,7287300,,,
"2014",西宁市,8063000,,,
"2015",西宁市,8885000,,,
"2016",西宁市,10150100,,,
"2017",西宁市,11430500,,,
"2018",西宁市,12608600,,,
"2019",西宁市,13278200,,,
"2020",西宁市,13729800,,,
"2021",西宁市,15487900,,,
"2022",西宁市,16443500,,,
"2012",海东市,2741300,,,
"2013",海东市,3370200,,,
"2014",海东市,3656900,,,
"2015",海东市,3844000,,,
"2016",海东市,4228000,,,
"2017",海东市,4360400,,,
"2018",海东市,4514600,,,
"2019",海东市,4877300,,,
"2020",海东市,5146000,,,
"2021",海东市,5547100,,,
"2022",海东市,5627900,,,
"2012",海南藏族自治州,1043500,,,
"2013",海南藏族自治州,1155600,,,
"2014",海南藏族自治州,1181800,,,
"2015",海南藏族自治州,1240800,,,
"2016",海南藏族自治州,1526800,,,
"2017",海南藏族自治州,1458200,,,
"2018",海南藏族自治州,1581700,,,
"2019",海南藏族自治州,1746600,,,
"2020",海南藏族自治州,1815600,,,
"2021",海南藏族自治州,1936100,,,
"2022",海南藏族自治州,2002700,,,
"2012",银川市,10637200,,,
"2013",银川市,11773000,,,
"2014",银川市,12637000,,,
"2015",银川市,13175500,,,
"2016",银川市,14112100,,,
"2017",银川市,16193200,,,
"2018",银川市,17772200,,,
"2019",银川市,18967900,,,
"2020",银川市,20561500,,,
"2021",银川市,24616000,,,
"2022",银川市,27739300,,,
"2012",石嘴山市,3342209,,,
"2013",石嘴山市,3449652,,,
"2014",石嘴山市,3572724,,,
"2015",石嘴山市,3698972,,,
"2016",石嘴山市,3916008,,,
"2017",石嘴山市,4470531,,,
"2018",石嘴山市,4801783.2,,,
"2019",石嘴山市,5113403,,,
"2020",石嘴山市,4988600,,,
"2021",石嘴山市,5215400,,,
"2022",石嘴山市,5596700,,,
"2012",吴忠市,3119700,,,
"2013",吴忠市,3329300,,,
"2014",吴忠市,3532200,,,
"2015",吴忠市,3732400,,,
"2016",吴忠市,4125200,,,
"2017",吴忠市,4827000,,,
"2018",吴忠市,5403300,,,
"2019",吴忠市,5801800,,,
"2020",吴忠市,6421700,,,
"2021",吴忠市,7758700,,,
"2022",吴忠市,8670300,,,
"2012",固原市,1584500,,,
"2013",固原市,1845843.4,,,
"2014",固原市,2010290.02,,,
"2015",固原市,2173180.88,,,
"2016",固原市,2398058.32,,,
"2017",固原市,2700952,,,
"2018",固原市,3031944,,,
"2019",固原市,3226589,,,
"2020",固原市,3524627,,,
"2021",固原市,3751255,,,
"2022",固原市,4096800,,,
"2012",中卫市,2567300,,,
"2013",中卫市,2843400,,,
"2014",中卫市,2948900,,,
"2015",中卫市,3040100,,,
"2016",中卫市,3271200,,,
"2017",中卫市,3808800,,,
"2018",中卫市,4088000,,,
"2019",中卫市,4358700,,,
"2020",中卫市,4628600,,,
"2021",中卫市,5078400,,,
"2022",中卫市,5483000,,,
"2012",乌鲁木齐市,18954200,,,
"2013",乌鲁木齐市,20584700,,,
"2014",乌鲁木齐市,22646800,,,
"2015",乌鲁木齐市,23873100,,,
"2016",乌鲁木齐市,24589800,,,
"2017",乌鲁木齐市,27306500,,,
"2018",乌鲁木齐市,30997700,,,
"2019",乌鲁木齐市,34132600,,,
"2020",乌鲁木齐市,34524000,,,
"2021",乌鲁木齐市,38526900,,,
"2022",乌鲁木齐市,40825900,,,
"2012",克拉玛依市,8107054,,,
"2013",克拉玛依市,8531091.5,,,
"2014",克拉玛依市,8476725,,,
"2015",克拉玛依市,6294299,,,
"2016",克拉玛依市,6209989,,,
"2017",克拉玛依市,7445034,,,
"2018",克拉玛依市,8981420,,,
"2019",克拉玛依市,9729252,,,
"2020",克拉玛依市,8868972,,,
"2021",克拉玛依市,10721288,,,
"2022",克拉玛依市,11881000,,,
"2012",吐鲁番市,2433906.98,,,
"2013",吐鲁番市,2608927,,,
"2014",吐鲁番市,2600194,,,
"2015",吐鲁番市,2085846,,,
"2016",吐鲁番市,2215653,,,
"2017",吐鲁番市,2671548,,,
"2018",吐鲁番市,3105938,,,
"2019",吐鲁番市,3844809,,,
"2020",吐鲁番市,3734134,,,
"2021",吐鲁番市,4333468,,,
"2022",吐鲁番市,5265600,,,
"2012",哈密市,2682518,,,
"2013",哈密市,3339310,,,
"2014",哈密市,4021829,,,
"2015",哈密市,4235687,,,
"2016",哈密市,4036811,,,
"2017",哈密市,4800119,,,
"2018",哈密市,5366085,,,
"2019",哈密市,6048153,,,
"2020",哈密市,6245700,,,
"2021",哈密市,7637700,,,
"2022",哈密市,9016200,,,
